L,P,	Str,	Ilość	Nr na schemacie	Kod producenta	Kod KTM	Typ	Firma	Opis	Funkcja	
1	1	1	N.L.10		8392.3058	BLECH	MARTINV	TOLT DURAL DE 1735X790X4 PEINTURE „GRAIN DE CUIR” BLANCHE	MP2_MASZYNA	TRANSLINE 1228
2	1	2	N.L.20	1699	6538.0005	LAUFRINNE	GGK	GOULOTTE H100XL100 6/4	MP2_MASZYNA	TRANSLINE 1228
3	1	5	N.L.30	1689	6538.0002	LAUFRINNE	GGK	GOULOTTE GF 60X60A6/4 24M	MP2_MASZYNA	TRANSLINE 1228
4	1	6	N.L.40	1696	6538.0001	LAUFRINNE	GGK	GOULOTTE H60XL30 6/4 48M	MP2_MASZYNA	TRANSLINE 1228
5	1	6	N.L.50	AM1 DE 200	6536.0025	PROFILEISEN	N.P.I.	PROFIL DIN CADMIE H=15 L=35 SYMETRIQUE	MP2_MASZYNA	TRANSLINE 1228
6	1	300	N.L.60	115125-00	6510.0048	KLEMME	ENTRLEC	BORNE 25A TYPE M 2,5/5	MP2_MASZYNA	TRANSLINE 1228
7	1	50	N.L.70	115116-07	6510.0061	KLEMME	ENTRLEC	BORNE 35A TYPE M4/6	MP2_MASZYNA	TRANSLINE 1228
8	1	20	N.L.80	165114-17	6540.0070	KLEMME	ENTRLEC	BORNE VERT/JAUNE M6/BP	MP2_MASZYNA	TRANSLINE 1228
9	1	2	N.L.90	2802-0	6514.0006	STANGE	FGET	BARRE NEUTRE NUE T NSCH 1000X15X2	MP2_MASZYNA	TRANSLINE 1228
10	1	20	N.L.100	2724-0	6514.0009	ANSCHLUSS	FGET	RACCORD BARRE NEUTREE A B TYPE ANSO	MP2_MASZYNA	TRANSLINE 1228
11	1	30	N.L.110	2801-0	6514.0007	BUEGEL	FGET	ETRIER DE SERRAGE P/BARRE NEUTRE T DS	MP2_MASZYNA	TRANSLINE 1228
12	1	30	N.L.120	2967-0	6514.0008	SCHRAUBE	FGET	VIS DE SERRAGE P BARRE N M5X3 TYPE BS	MP2_MASZYNA	TRANSLINE 1228
13	1	10	N.L.130	118368-16	6510.0062	FLANSCH	ENTRLEC	FLANSQUE D’EXTERMITE FEM6	MP2_MASZYNA	TRANSLINE 1228
14	1	40	N.L.140	174331-21	6510.0050	STEG	ENTRLEC	BARRETTE 2 POLES BJM5	MP2_MASZYNA	TRANSLINE 1228
15	1	10	N.L.150	174332-22	6510.0051	STEG	ENTRLEC	BARRETTE 3 POLES BJM5	MP2_MASZYNA	TRANSLINE 1228
16	1	5	N.L.160	174333-23	6510.0052	STEG	ENTRLEC	BARRETTE 4 POLES BJM5	MP2_MASZYNA	TRANSLINE 1228
17	2	2	N.L.170	174335-25	6510.0054	STEG	ENTRLEC	BARRETTE 10 POLES BJM5	MP2_MASZYNA	TRANSLINE 1228
18	2	75	N.L.180	113001-16	6510.0055	TRENNVORRICHTUNG	ENTRLEC	SEPARATEUR CIRCUIT SCM5	MP2_MASZYNA	TRANSLINE 1228
19	2	1	N.L.190	250 222	6570.0139	BRETT		PLANCHE 3 PICTOGRAMMES „ECLAIR DANS TRIANGLE LARG.:90	MP2_MASZYNA	TRANSLINE 1228
20	2	3	CE	907415	8360.0062	STECKER		FICHE MALE 10 CTS 907415  TRELEC	MP2_MASZYNA	TRANSLINE 1228
21	2	3	N.L.520	AM1 DE 200	8536.0025	PROFILEISEN	N.P.I.	PROFIL DIN CADMIE H=15 L=35 SYMETRIQUE	MP2_MASZYNA	TRANSLINE 1228
22	2	300	N.L.530	115125-00	6510.0048	KLEMME	ENTRLEC	BORNE 25A TYPE M 2,5/5	MP2_MASZYNA	TRANSLINE 1228
23	2	70	N.L.540	115116-07	6510.0061	KLEMME	ENTRLEC	BORNE 35A TYPE M4/6	MP2_MASZYNA	TRANSLINE 1228
24	2	30	N.L.550	165113-16	6510.0069	KLEMME	ENTRLEC	BORNE VERT/JAUNE M4/6BP	MP2_MASZYNA	TRANSLINE 1228
25	2	30	N.L.560	165114-17	6510.0070	KLEMME	ENTRLEC	BORNE VERT/JAUNE M6/BP	MP2_MASZYNA	TRANSLINE 1228
26	2	30	N.L.570	174331-21	6510.0050	STEG	ENTRLEC	BARRETTE 2 POLES BJM5	MP2_MASZYNA	TRANSLINE 1228
27	2	10	N.L.580	174332-22	6510.0051	STEG	ENTRLEC	BARRETTE 3 POLES BJM5	MP2_MASZYNA	TRANSLINE 1228
28	2	2	M.L.590	174335-25	6510.0054	STEG	ENTRLEC	BARRETTE 10 POLES BJM5	MP2_MASZYNA	TRANSLINE 1228
29	2	35	N.L.600	113001-16	6510.0055	TRENNVORRICHTUNG	ENTRLEC	SEPARATEUR CIRCUIT SCM5	MP2_MASZYNA	TRANSLINE 1228
30	2	10	N.L.610	118499-23	6510.0057	FLANSCH	ENTRLEC	FLANSQUE D’EXTERMITE FEM6	MP2_MASZYNA	TRANSLINE 1228
31	2	10	N.L.620	118368-16	6510.0062	FLANSCH	ENTRLEC	FLASQUE D’EXTERMITE FEM6	MP2_MASZYNA	TRANSLINE 1228
32	3	1	BR1	K8-15-15	8302.0043	KASETEN	HAWA	BOITE ETRANCHE 80X150X150	MP2_MASZYNA	TRANSLINE 1228
33	3	1	BR2		8302.0056	GEHAEUSE	TELEMEC	BOITIER XAPM 21	MP2_MASZYNA	TRANSLINE 1228
34	3	1	BR3		8302.0054	GEHAEUSE	TELEMEC	BOITIER XAPM11 80X80X49	MP2_MASZYNA	TRANSLINE 1228
35	3	1	BR4	K8-20-15	8302.0031	KASTEN	HAWA	BOITE ETANCHE 80X200X150	MP2_MASZYNA	TRANSLINE 1228
36	3	1	BR5	K8-20-15	8302.0031	KASTEN	HAWA	BOITE ENTANCHE 80X200X150	MP2_MASZYNA	TRANSLINE 1228
37	3	1	BR6		8302.0054	GEHAEUSE	TELEMEC	BOITIER XAPM11 80X80X49	MP2_MASZYNA	TRANSLINE 1228
38	3	1	BR7		8302.0054	GEHAEUSE	TELEMEC	BOITIER XAPM11	MP2_MASZYNA	TRANSLINE 1228
39									MP2_MASZYNA	TRANSLINE 1228
40	3	1	N.L.510	XSA-H05713	8327.0050	DETEKTOR	TE	DETECTEUR DE 12V A 48V DIAM 18 3 FILS	MP2_MASZYNA	TRANSLINE 1228
41	3	1	N.L.520	P460C07-10/30V	8317.0227	ZELLE	DINEL	-CEL DIRCT	MP2_MASZYNA	TRANSLINE 1228
42	4	1	QF01	GV2M-05	8385.0098	SICHERHEITSSCHALTER		DISJ. DE 0,6 A 1 AMP	MP2_MASZYNA	TRANSLINE 1228
43	4	1	XT5	37395	8300.0022	KLEMMENLEISTE	FOURNET	BORNIER TETRA LEGRAND (4 BORNES 12X4)	MP2_MASZYNA	TRANSLINE 1228
44								 	MP2_MASZYNA	TRANSLINE 1228
45	4	1	TV1		8395.0007	TRANSFORMATOR		TRANSFO. MONO. 400VA 50HZ P:230/400V S:110/220v SELON NFC52-201	MP2_MASZYNA	TRANSLINE 1228
46	4	1	QF02	FANZC4	8385.2039	SICHERHEITSSCHALTER	K.M	DISJONCTEUR UNIPOLAIRE 4 AMPERES NORMES „UL”	MP2_MASZYNA	TRANSLINE 1228
47	4	1	N.L.30	PKZM1	8300.0042	STANGE	KM	MARRES TRI B3/20-PKZM1 LONG:1056MM/63A/380V-415V POUR 20	MP2_MASZYNA	TRANSLINE 1228
48	4	1	QM		8361.0002	SCHALTER		INTERRUPTEUR HPC 63A UL+ RALLONGE+CAPOT+SUPPORTS+POIGNEE	MP2_MASZYNA	TRANSLINE 1228
49	4	1	QM-N.L.41	N6-63 CNA	8361.0002	SCHALTER	K.M	INTERRUPTEUR NORMES „UL”	MP2_MASZYNA	TRANSLINE 1228
50	4	1	QM-N.L.42	H6-NA	8385.2072	HANDGRIFF	KM	POIGNEE GRISE SONDM COMPLETE/DISJONCTEUR N6	MP2_MASZYNA	TRANSLINE 1228
51	4	1	QM-N.L.43	HNZM6	8385.0089	HAUBE	K.M	CAPOT DE BORNES POUR SEC/DISJ NZM6	MP2_MASZYNA	TRANSLINE 1228
52	4	4	QM-N.L.44	PKZM3/NZM6	8385.0119	TRAEGER	DIVERS	SUPPORT  BT 427 POUR DISJ SUVANT FT:ME-02	MP2_MASZYNA	TRANSLINE 1228
53	4	1	HL1	XB2-BV37	8305.0215	SIGNALLAMPE	ISNARD	VOYANT LUMINEUX 110V 50/60HZ 120V INCOLOR TELEMECANIQUE	MP2_MASZYNA	TRANSLINE 1228
54	5	1	SB0		8361.3050	KNOPF		BOUTON COUP DE POING „O” A CLEF 520 TETE ROUGE	MP2_MASZYNA	TRANSLINE 1228
55	5	1	SB0.N.L.511	ZB2 BZ102	8345.0142	KOERPER	TELEMEC	CORPS DIAM22 + 1ELEMENT CONTACT O	MP2_MASZYNA	TRANSLINE 1228
56	5	1	SB0.N.L.512	ZB2BS1414	8345.0175	KNOPFHAUBE	TELEMEC	TETE BCP A CLEF DIAM:40 ROUSE *CLEF N:520	MP2_MASZYNA	TRANSLINE 1228
57	5	1	SB0.N.L.513	1083	6570.0100	SCHEIBE	BRACHET	BDISQUE PVC JAUNE DIAM=50X22,5 AUTOCOLLANT	MP2_MASZYNA	TRANSLINE 1228
58	5	1	SB24		8361.3066	KNOPF		BOUTON POUSSOIR”O”SAILLAN T A ACCROCHAGE+TETE ROUGE +SUPPORT	MP2_MASZYNA	TRANSLINE 1228
59	5	1	SB24.N.L.521	3SB10-00-0MC20	8345.0183	KNOPFHAUBE	SIEMENS	TETE ROUGE DIAM. 22 POUR BP SAILLANT A ACCROCHAGE	MP2_MASZYNA	TRANSLINE 1228
60	5	1	SB24.N.L.522	3SB14-00-0C	8345.0184	BLOCK	SIEMENS	BLOC CONTACT A OUVERTURE POUR B.P. SAILLANT ACCROCH.	MP2_MASZYNA	TRANSLINE 1228
61	5	1	SB24.N.L.523	SB19-02-1AC	8345.0185	TRAEGER	SIEMENS	SUPPORT 3 POUR BP SAILLANT A. ACCR	MP2_MASZYNA	TRANSLINE 1228
62	5	1	SB25		8361.3066	KNOPF		BOUTON POUSSOIR”O”SAILLAN T A ACCROCHAGE+TETE ROUGE +SUPPORT	MP2_MASZYNA	TRANSLINE 1228
63	5	1	SB25-N.L.531	3SB10-00-0MC20	8345.0183	KNOPFHAUBE	SIEMENS	TETE ROUGE DIAM. 22 POUR BP SAILLANT A ACCROCHAGE	MP2_MASZYNA	TRANSLINE 1228
64	5	1	SB25-N.L.532	3SB14-00-0C	8345.0184	BLOCK	SIEMENS	BLOC CONTACT A OUVERTURE POUR B.P. SAILLANT ACCROCH.	MP2_MASZYNA	TRANSLINE 1228
65	5	1	SB25-N.L.533	SB19-02-1AC	8345.0185	TRAEGER	SIEMENS	SUPPORT 3 POUR BP SAILLANT A. ACCR	MP2_MASZYNA	TRANSLINE 1228
66	5	1	SB29		8361.3051	KNOPF		BOUTON COUP DE POING ”O” TETE JAUNE	MP2_MASZYNA	TRANSLINE 1228
67	5	1	SB29-N.L.541	ZB2 BZ102	8345.0142	KOERPER	TELEMEC	CORPS DIAM22 + 1ELEMENT CONTACT O	MP2_MASZYNA	TRANSLINE 1228
68	5	1	SB29-N.L.542	ZB2BT5	8345.0153	KNOPFHAUBE	TE	TETE BCPA JAUNE A ACCROCHAGE	MP2_MASZYNA	TRANSLINE 1228
69	6	1	SB30		8361.3051	KNOPF		BOUTON COUP DE POING ”O” TETE JAUNE	MP2_MASZYNA	TRANSLINE 1228
70	6	1	SB30-N.L.551	ZB2 BZ102	8345.0142	KOERPER	TELEMEC	CORPS DIAM22 + 1ELEMENT CONTACT O	MP2_MASZYNA	TRANSLINE 1228
71	6	1	SB30-N.L.552	ZB2BT5	8345.0153	KNOPFHAUBE	TE	TETE BCPA JAUNE A ACCROCHAGE	MP2_MASZYNA	TRANSLINE 1228
72	6	1	SB31		8361.3051	KNOPF		BOUTON COUP DE POING ”O” TETE JAUNE	MP2_MASZYNA	TRANSLINE 1228
73	6	1	SB31-N.L.561	ZB2 BZ102	8345.0142	KOERPER	TELEMEC	CORPS DIAM22 + 1ELEMENT CONTACT O	MP2_MASZYNA	TRANSLINE 1228
74	6	1	SB31-N.L.562	ZB2BT5	8345.0153	KNOPFHAUBE	TE	TETE BCPA JAUNE A ACCROCHAGE	MP2_MASZYNA	TRANSLINE 1228
75	6	1	SQ11	XCK-S131	8350.0197	ENDSCHALTER	TELEMEC	FIN DE COURSE O+F MOUV.ANG.LEVIER GALET THERMO. TELEMECA	MP2_MASZYNA	TRANSLINE 1228
76	6	1	SQ22	XCK-S131	8350.0197	ENDSCHALTER	TELEMEC	FIN DE COURSE O+F MOUV.ANG.LEVIER GALET THERMO. TELEMECA	MP2_MASZYNA	TRANSLINE 1228
77									MP2_MASZYNA	TRANSLINE 1228
78	6	1	SB23		8361.3066	KNOPF		BOUTON POUSSOIR”O”SAILLAN T A ACCROCHAGE+TETE ROUGE +SUPPORT	MP2_MASZYNA	TRANSLINE 1228
79	6	1	SB23-N.L.511	3SB10-00-0MC20	8345.0183	KNOPFHAUBE	SIEMENS	TETE ROUGE DIAM. 22 POUR BP SAILLANT A ACCROCHAGE	MP2_MASZYNA	TRANSLINE 1228
80	6	1	SB23-N.L.512	3SB14-00-0C	8345.0184	BLOCK	SIEMENS	BLOC CONTACT A OUVERTURE POUR B.P. SAILLANT ACCROCH.	MP2_MASZYNA	TRANSLINE 1228
81	6	1	SB23-N.L.513	SB19-02-1AC	8345.0185	TRAEGER	SIEMENS	SUPPORT 3 POUR BP SAILLANT A. ACCR	MP2_MASZYNA	TRANSLINE 1228
82	6	1	SQ12		8361.3501			FIN DE COURSE 10F CORPS J1+TETE E65	MP2_MASZYNA	TRANSLINE 1228
83	7	1	SQ12-N.L.521	ZCK-J1	8350.0114	KOERPER	TELEMEC	CORPS UNIPOLAIRE ENCKENCHEMENT 1”OF” EUROPE/USA	MP2_MASZYNA	TRANSLINE 1228
84	7	1	SQ12-N.L.522		8350.0123	ENDSCHALTERKOPF	TE	TETE A POUSSOIR DE COTE A GALET VERTICAL A RAPPEL	MP2_MASZYNA	TRANSLINE 1228
85	7	1	SQ21		8361.3505			FIN DE COURSE 10F CORPS J1+TETE E05+DISPOSITIF Y41	MP2_MASZYNA	TRANSLINE 1228
86	7	1	SQ21-N.L.531	ZCK-J1	8350.0114	KOERPER	TELEMEC	CORPS UNIPOLAIRE ENCKENCHEMENT 1”OF” EUROPE/USA	MP2_MASZYNA	TRANSLINE 1228
87	7	1	SQ21-N.L.532	ZCK-E05	8350.0124	ENDSCHALTERKOPF	TELEMEC	TETE DROITE ET GAUCHE/OU DROITE & GAUCHE A RAPPEL	MP2_MASZYNA	TRANSLINE 1228
88	7	1	SQ21-N.L.533	ZCK-Y41	8350.0127	ENDSCHALTER	TELEMEC	DISPO A LEVIER REGAL GALET EUROPE/USA	MP2_MASZYNA	TRANSLINE 1228
89									MP2_MASZYNA	TRANSLINE 1228
90	7	1	KA2	DILR31	8365.0150	SCHUETZ	KM	CONTACTEUR 110/120V-50/60HZ 3 CONTACTS „F”	MP2_MASZYNA	TRANSLINE 1228
91	7	1	KA12	DILR22	8365.0149	SCHUETZ	KM	CONTACTEUR 110/120V-50/60HZ 2 „O” + 2 „F”	MP2_MASZYNA	TRANSLINE 1228
92	7	3	N.L.30	21028	8316.0043	STOERSCHUTZ	MURELEC	ANTIPARASITE 220 OH/0,2MF RC-3 DIL 250 (CONTACTEUR DILR)	MP2_MASZYNA	TRANSLINE 1228
93	7	1	KA20	DILR31	8365.0150	SCHUETZ	KM	CONTACTEUR 110/120V-50/60HZ 3 CONTACTS „F”	MP2_MASZYNA	TRANSLINE 1228
94	8	1	KA16	DILR40	8365.0151	SCHUETZ	KM	CONTACTEUR 110/120V-50/60HZ 4 CONTACTS „F”	MP2_MASZYNA	TRANSLINE 1228
95	8	1	KA17	DILR40	8365.0151	SCHUETZ	KM	CONTACTEUR 110/120V-50/60HZ 4 CONTACTS „F”	MP2_MASZYNA	TRANSLINE 1228
96	8	1	N.L.30	21028	8316.0043	STOERSCHUTZ	MURELEC	ANTIPARASITE 220 OH/0,2MF RC-3 DIL 250 (CONTACTEUR DILR)	MP2_MASZYNA	TRANSLINE 1228
97	9	1	QF1	GV2M-10	8385.0069	SICHERHEITSSCHALTER	TELEMEC	DISJ. DE 4 A 6 AMP	MP2_MASZYNA	TRANSLINE 1228
98	9	1	SB1	XB2-BA21	8345.0223	KNOPF	TELEMEC	BOUTON POUSSOIR NOIR 1”F” DIAM=22 AFFLEUR A IMPULSION	MP2_MASZYNA	TRANSLINE 1228
99	9	1	SB2	XB2-BA21	8345.0223	KNOPF	TELEMEC	BOUTON POUSSOIR NOIR 1”F” DIAM=22 AFFLEUR A IMPULSION	MP2_MASZYNA	TRANSLINE 1228
100	9	1	SQ1	XCK-S141	8350.0198	ENDSCHALTER	ISNARD	FIN DE COURSE O+F MOUV.ANG.LEVIER GALET LONG.VAR.TELEMAC	MP2_MASZYNA	TRANSLINE 1228
101	9	1	SQ4	XCK-S131	8350.0197	ENDSCHALTER	ISNARD	FIN DE COURSE O+F MOUV.ANG.LEVIER GALET THERMO. TELEMECA	MP2_MASZYNA	TRANSLINE 1228
102	9	1	SQ6	XCK-S20531	8350.0171	ENDSCHALTER	ISNARD	FIN DE COURSE 2 O+F MOUV.ANG.LEVIER GAL THERMO. TELEMECA	MP2_MASZYNA	TRANSLINE 1228
103									MP2_MASZYNA	TRANSLINE 1228
104	9	1	QF2	GV2M-10	8385.0069	SICHERHEITSSCHALTER	TELEMEC	DISJ. DE 4 A 6 AMP	MP2_MASZYNA	TRANSLINE 1228
105	9	1	SB3	XB2-BA21	8345.0223	KNOPF	TELEMEC	BOUTON POUSSOIR NOIR 1”F” DIAM=22 AFFLEUR A IMPULSION	MP2_MASZYNA	TRANSLINE 1228
106	9	1	SB4	XB2-BA21	8345.0223	KNOPF	TELEMEC	BOUTON POUSSOIR NOIR 1”F” DIAM=22 AFFLEUR A IMPULSION	MP2_MASZYNA	TRANSLINE 1228
107	9	1	SQ2	XCK-S102	8350.0164	ENDSCHALTER	TELEMEC	FIN DE COURSE O+F MOUV.RECT. POUSSOIR GALET/AT.CAME 30Ø	MP2_MASZYNA	TRANSLINE 1228
108	9	1	SQ8	XCK-S131	8350.0197	ENDSCHALTER	ISNARD	FIN DE COURSE O+F MOUV.ANG.LEVIER GALET THERMO. TELEMECA	MP2_MASZYNA	TRANSLINE 1228
109	9	1	SQ9	XCK-S20531	8350.0171	ENDSCHALTER	ISNARD	FIN DE COURSE 2 O+F MOUV.ANG.LEVIER GAL THERMO. TELEMECA	MP2_MASZYNA	TRANSLINE 1228
110	10	1	SQ5	XCK-S141	8350.0198	ENDSCHALTER	ISNARD	FIN DE COURSE O+F MOUV.ANG.LEVIER GALET LONG.VAR.TELEMAC	MP2_MASZYNA	TRANSLINE 1228
111	10	1	SQ7	XCK-S20541	8350.0168	ENDSCHALTER	ISNARD	FIN DE COURSE 2 O+F MOUV.ANG.LEVIER GAL LONG.VAR.TLELMECA	MP2_MASZYNA	TRANSLINE 1228
112									MP2_MASZYNA	TRANSLINE 1228
113	10	1	SQ3	XCK-S20531	8350.0171	ENDSCHALTER	ISNARD	FIN DE COURSE 2 O+F MOUV.ANG.LEVIER GAL THERMO. TELEMECA	MP2_MASZYNA	TRANSLINE 1228
114									MP2_MASZYNA	TRANSLINE 1228
115	10	1	KM1-KM2	LC2 D0901F7	8325.003	SCHUETZ	TELEMEC	INVERSEUR 110V/115V 60HZ 9A 3P + 1”O”	MP2_MASZYNA	TRANSLINE 1228
116	10	2	N.L.20		8316.0043	STOERSCHUTZ	MURELEC	ANTIPARASITE 220 OH/0,2MF RC-3 DIL 250 (CONTACTEUR DILR)	MP2_MASZYNA	TRANSLINE 1228
117	11	1	KM3-KM4	LC2 D0901F7	8325.0003	SCHUETZ	TELEMEC	INVERSEUR 110V/115V 60HZ 9A 3P + 1”O”	MP2_MASZYNA	TRANSLINE 1228
118		2	N.L.20		8316.0043	STOERSCHUTZ	MURELEC	ANTIPARASITE 220 OH/0,2MF RC-3 DIL 250 (CONTACTEUR DILR)	MP2_MASZYNA	TRANSLINE 1228
119									MP2_MASZYNA	TRANSLINE 1228
120	11	1	D43	XSA H 0131	8327.0044	DETEKTOR	TELEMEC	DETECTEUR 12A 24VCC DIAM 8 MM	MP2_MASZYNA	TRANSLINE 1228
121	11	1	D44	XSA H 0131	8327.0044	DETEKTOR	TELEMEC	DETECTEUR 12A 24VCC DIAM 8 MM	MP2_MASZYNA	TRANSLINE 1228
122	11	1	N.L.530	1001-11L36	8346.0171	KARTE	GERAL	CARTE FILTRAGE 2 DP POUR MP2	MP2_MASZYNA	TRANSLINE 1228
123									MP2_MASZYNA	TRANSLINE 1228
124	11	1	D41	XSA H 0131	8327.0044	DETEKTOR	TELEMEC	DETECTEUR 12A 24VCC DIAM 8 MM	MP2_MASZYNA	TRANSLINE 1228
125	11	1	D42	XSA H 0131	8327.0044	DETEKTOR	TELEMEC	DETECTEUR 12A 24VCC DIAM 8 MM	MP2_MASZYNA	TRANSLINE 1228
126	11	1	N.L.530	1001-11L36	8346.0171	KARTE	GERAL	CARTE FILTRAGE 2 DP POUR MP2	MP2_MASZYNA	TRANSLINE 1228
127	12	1	QF3	GV2M-10	8385.0069	SICHERHEITSSCHALTER	TELEMEC	DISJ. DE 4 A 6 AMP	MP2_MASZYNA	TRANSLINE 1228
128	12	1	SB5	XB2-BA21	8345.0223	KNOPF	TELEMEC	BOUTON POUSSOIR NOIR 1”F” DIAM=22 AFFLEUR A IMPULSION	MP2_MASZYNA	TRANSLINE 1228
129	12	1	SB6	XB2-BA21	8345.0223	KNOPF	TELEMEC	BOUTON POUSSOIR NOIR 1”F” DIAM=22 AFFLEUR A IMPULSION	MP2_MASZYNA	TRANSLINE 1228
130	12	1	SQ10	XCK-S141	8350.0198	ENDSCHALTER	ISNARD	FIN DE COURSE O+F MOUV.ANG.LEVIER GALET LONG.VAR.TELEMAC	MP2_MASZYNA	TRANSLINE 1228
131									MP2_MASZYNA	TRANSLINE 1228
132	12	1	QF15	GV2M-10	8385.0069	SICHERHEITSSCHALTER	TELEMEC	DISJ. DE 4 A 6 AMP	MP2_MASZYNA	TRANSLINE 1228
133	12	1	SB51	XB2-BA21	8345.0223	KNOPF	TELEMEC	BOUTON POUSSOIR NOIR 1”F” DIAM=22 AFFLEUR A IMPULSION	MP2_MASZYNA	TRANSLINE 1228
134	12	1	SB61	XB2-BA21	8345.0223	KNOPF	TELEMEC	BOUTON POUSSOIR NOIR 1”F” DIAM=22 AFFLEUR A IMPULSION	MP2_MASZYNA	TRANSLINE 1228
135	12	1	SQ30	XCK-S141	8350.0198	ENDSCHALTER	ISNARD	FIN DE COURSE O+F MOUV.ANG.LEVIER GALET LONG.VAR.TELEMAC	MP2_MASZYNA	TRANSLINE 1228
136	13	1	KM5-KM6	LC2 D0901F7	8325.0003	SCHUETZ	TELEMEC	INVERSEUR 110V/115V 60HZ 9A 3P + 1”O”	MP2_MASZYNA	TRANSLINE 1228
137	13	2	N.L.20		8316.0043	STORESCHUTZ	MURELEC	ANTIPARASITE 220 OH/0,2MF RC-3 DIL 250 (CONTACTEUR DILR)	MP2_MASZYNA	TRANSLINE 1228
138									MP2_MASZYNA	TRANSLINE 1228
139	13	1	KM23-KM24	LC2 D0901F7	8325.0003	SCHUETZ	TELEMEC	INVERSEUR 110V/115V 60HZ 9A 3P + 1”O”	MP2_MASZYNA	TRANSLINE 1228
140	13	2	N.L.20		8316.0043	STORESCHUTZ	MURELEC	ANTIPARASITE 220 OH/0,2MF RC-3 DIL 250 (CONTACTEUR DILR)	MP2_MASZYNA	TRANSLINE 1228
141									MP2_MASZYNA	TRANSLINE 1228
142	13	1	D46	XSA H 0131	8327.0044	DETEKTOR	TELEMEC	DETECTEUR 12A 24VCC DIAM 8 MM	MP2_MASZYNA	TRANSLINE 1228
143	13	1	D47	XSA H 0131	8327.0044	DETEKTOR	TELEMEC	DETECTEUR 12A 24VCC DIAM 8 MM	MP2_MASZYNA	TRANSLINE 1228
144	13	1	N.L.530	1001-11L36	8346.0171	KARTE	GERAL	CARTE FILTRAGE 2 DP POUR MP2	MP2_MASZYNA	TRANSLINE 1228
145	14	1	D56	XSA H 0131	8327.0044	DETEKTOR	TELEMEC	DETECTEUR 12A 24VCC DIAM 8 MM	MP2_MASZYNA	TRANSLINE 1228
146	14	1	D57	XSA H 0131	8327.0044	DETEKTOR	TELEMEC	DETECTEUR 12A 24VCC DIAM 8 MM	MP2_MASZYNA	TRANSLINE 1228
147	14	1	N.L.530	1001-11L36	8346.0171	KARTE	GERAL	CARTE FILTRAGE 2 DP POUR MP2	MP2_MASZYNA	TRANSLINE 1228
148	15	1	2SB0	FT52 3-235	8345.0077	TASTATUR		CLAVIER POUR SELECTION REGISTRE SELON	MP2_MASZYNA	TRANSLINE 1228
149	15	1	2SB8	XB2-BA21	8345.0223	KNOPF	TELEMEC	BOUTON POUSSOIR NOIR 1”F” DIAM=22 AFFLEUR A IMPULSION	MP2_MASZYNA	TRANSLINE 1228
150	15	1	2SB9	XB2-BA21	8345.0223	KNOPF	TELEMEC	BOUTON POUSSOIR NOIR 1”F” DIAM=22 AFFLEUR A IMPULSION	MP2_MASZYNA	TRANSLINE 1228
151	15	1	2SB31	XB2-BA31	8345.0210	KNOPF	TELEMEC	BOUTON POUSSOIR NOIR 1”F” DIAM=22 AFFLEUR A IMPULSION	MP2_MASZYNA	TRANSLINE 1228
152	15	1	2SB32	XB2-BA21	8345.0223	KNOPF	TELEMEC	BOUTON POUSSOIR NOIR 1”F” DIAM=22 AFFLEUR A IMPULSION	MP2_MASZYNA	TRANSLINE 1228
153	15	1	2SB33	XB2-BA21	8345.0223	KNOPF	TELEMEC	BOUTON POUSSOIR NOIR 1”F” DIAM=22 AFFLEUR A IMPULSION	MP2_MASZYNA	TRANSLINE 1228
154	15	1	2SB34-N.L.570	XB2-BA21	8345.0223	KNOPF	TELEMEC	BOUTON POUSSOIR NOIR 1”F” DIAM=22 AFFLEUR A IMPULSION	MP2_MASZYNA	TRANSLINE 1228
155	15	1	2SB34-N.L.580	ZB2BE101	8345.0143	KONTAKTBLOCK	TELEMEC	ELEMENT CONTACT CONTACT F	MP2_MASZYNA	TRANSLINE 1228
156									MP2_MASZYNA	TRANSLINE 1228
157	15	1	2SAH1-N.L.510		8361.3176			BOUTON TOURN.LUM.2F 110V 3POS. RAPPEL DE GAUCHE AU CENTRE TETE BLEUE	MP2_MASZYNA	TRANSLINE 1228
158	15	1	2SAH1-N.L.511	ZB2 BK176	8305.0162	KNOPF	TELEMEC	TETE BLEUE 3PTS BOUTON TOURNANT LUMINEUXRAPPEL DE G.A O	MP2_MASZYNA	TRANSLINE 1228
159	15	1	2SAH1-N.L.512	ZB2BE101	8345.0143	KONTAKTBLOCK	TELEMEC	ELEMENT CONTACT CONTACT F	MP2_MASZYNA	TRANSLINE 1228
160	15	1	2SAH1-N.L.513	ZB2 BW 031	8305.0097	KOERPER	TELEMEC	CORPS BPL 110V/6V-DIAM 22	MP2_MASZYNA	TRANSLINE 1228
161	15	1	2SAH1-N.L.520	ZB2BE102	8345.0144	KONTAKTBLOCK	TELEMEC	ELEMENT CONTACT CONTACT O	MP2_MASZYNA	TRANSLINE 1228
162	16	1	2SAH2-N.L.530		8361.3176			BOUTON TOURN.LUM.2F 110V 3POS. RAPPEL DE GAUCHE AU CENTRE TETE BLEUE	MP2_MASZYNA	TRANSLINE 1228
163	16	1	2SAH2-N.L.531	ZB2 BK176	8305.0162	KNOPF	TELEMEC	TETE BLEUE 3PTS BOUTON TOURNANT LUMINEUXRAPPEL DE G.A O	MP2_MASZYNA	TRANSLINE 1228
164	16	1	2SAH2-N.L.532	ZB2BE101	8345.0143	KONTAKTBLOCK	TELEMEC	ELEMENT CONTACT CONTACT F	MP2_MASZYNA	TRANSLINE 1228
165	16	1	2SAH2-N.L.533	ZB2 BW 031	8305.0097	KOERPER	TELEMEC	CORPS BPL 110V/6V-DIAM 22	MP2_MASZYNA	TRANSLINE 1228
166	16	1	2SAH2-N.L.540	ZB2BE102	8345.0144	KONTAKTBLOCK	TELEMEC	ELEMENT CONTACT CONTACT O	MP2_MASZYNA	TRANSLINE 1228
167	16	1	HL6		8361.4500	KONTROLLAMPE		BALISE VERTE FIXE+SUPPORT+JOINT+EMBASE.110V	MP2_MASZYNA	TRANSLINE 1228
168	16	1	HL6-N.L.551	XVA-C21	8305.0132	DECKEL	TELEMEC	COUVERCLE AVEC EMBASE POUR COLONNE LUMINEUSE	MP2_MASZYNA	TRANSLINE 1228
169	16	1	HL6-N.L.553	901A398	8392.0082	TRAEGER	DIVERS	SUPPORT BALAISE POUR BALAISE TELEMECANIQUE	MP2_MASZYNA	TRANSLINE 1228
170	16	1	HL6-N.L.554	XVA-C33	8305.0133	LAMPENABDECKUNG	TELEMEC	VERRIANE VERTE LUMINEUSE FIXE	MP2_MASZYNA	TRANSLINE 1228
171	16	1	HL6-N.L.555		6576.0035	GLUEHLAMPE	DIVERS	LAMPE D16X35 CULOT BA15 160V-5W	MP2_MASZYNA	TRANSLINE 1228
172	16	1	HL7		8361.4517	DECKGLAS		VERRINE BLEUE FIXE 110V	MP2_MASZYNA	TRANSLINE 1228
173	16	1	HL7-N.L.561	XVA-C36	8305.0139	LAMPENABDECKUNG	TELEMEC	VERRINE BLEUE LUMINEUSE FIXE	MP2_MASZYNA	TRANSLINE 1228
174	16	1	HL7-N.L.562		6576.0035	GLUEHLAMPE	DIVERS	LAMPE D16X35 CULOT BA15 160V-5W	MP2_MASZYNA	TRANSLINE 1228
175	17	1	KA14-N.L.10	CA2DN22F7	8365.0053	SCHUETZ	TELEMEC	CONTACTEUR AUX. 110-50HZ/115V-60HZ 2”F” + 2”O”	MP2_MASZYNA	TRANSLINE 1228
176	17	1	KA14-N.L.20	LA3DR2	8300.0005	ZEITRELAIS	TELEMEC	BLOC TEMPO REPOS 0,1@30 SECONDS	MP2_MASZYNA	TRANSLINE 1228
177	17	1	KA15-N.L.30	CA2DN22F7	8365.0053	SCHUETZ	TELEMEC	CONTACTEUR AUX. 110-50HZ/115V-60HZ 2”F” + 2”O”	MP2_MASZYNA	TRANSLINE 1228
178	17	1	KA15-N.L.40	LA3DR2	8300.0005	ZEITRELAIS	TELEMEC	BLOC TEMPO REPOS 0,1@30 SECONDS	MP2_MASZYNA	TRANSLINE 1228
179	17	1	KA15A-N.L.50	CA2DN22F7	8365.0053	SCHUETZ	TELEMEC	CONTACTEUR AUX. 110-50HZ/115V-60HZ 2”F” + 2”O”	MP2_MASZYNA	TRANSLINE 1228
180	17	1	KA15A-N.L.60	LA3DR2	8300.0005	ZEITRELAIS	TELEMEC	BLOC TEMPO REPOS 0,1@30 SECONDS	MP2_MASZYNA	TRANSLINE 1228
181	17	1	KA15B-N.L.70	CA2DN22F7	8365.0053	SCHUETZ	TELEMEC	CONTACTEUR AUX. 110-50HZ/115V-60HZ 2”F” + 2”O”	MP2_MASZYNA	TRANSLINE 1228
182	17	1	KA15B-N.L.80	LA3DR2	8300.0005	ZEITRELAIS	TELEMEC	BLOC TEMPO REPOS 0,1@30 SECONDS	MP2_MASZYNA	TRANSLINE 1228
183	17	1	KA15C-N.L.90	CA2DN22F7	8365.0053	SCHUETZ	TELEMEC	CONTACTEUR AUX. 110-50HZ/115V-60HZ 2”F” + 2”O”	MP2_MASZYNA	TRANSLINE 1228
184	17	1	KA15C-N.L.100	LA3DR2	8300.0005	ZEITRELAIS	TELEMEC	BLOC TEMPO REPOS 0,1@30 SECONDS	MP2_MASZYNA	TRANSLINE 1228
185	17	5	N.L.110	LRC-S7-0341	8316.033	STOERSCHUTZ	PRAT	ANTIPARASITE 220 OH + 0,22MF 	MP2_MASZYNA	TRANSLINE 1228
186	18	1	QF5	GV2M-07	8385.0067	SICHERHEITSSCHALTER	KM	DISJ. DE 1,6 A 2,4 AMP	MP2_MASZYNA	TRANSLINE 1228
187	18	1	SB9	XB2-BA21	8345.0223	KNOPF	TELEMEC	BOUTON POUSSOIR NOIR 1”F” DIAM=22 AFFLEUR A IMPULSION	MP2_MASZYNA	TRANSLINE 1228
188	18	1	SB10	XB2-BA21	8345.0223	KNOPF	TELEMEC	BOUTON POUSSOIR NOIR 1”F” DIAM=22 AFFLEUR A IMPULSION	MP2_MASZYNA	TRANSLINE 1228
189	18	1	QF6	GV2M-07	8385.0067	SICHERHEITSSCHALTER	KM	DISJ. DE 1,6 A 2,4 AMP	MP2_MASZYNA	TRANSLINE 1228
190	18	1	SB11	XB2-BA21	8345.0223	KNOPF	TELEMEC	BOUTON POUSSOIR NOIR 1”F” DIAM=22 AFFLEUR A IMPULSION	MP2_MASZYNA	TRANSLINE 1228
191	18	1	SB12	XB2-BA21	8345.0223	KNOPF	TELEMEC	BOUTON POUSSOIR NOIR 1”F” DIAM=22 AFFLEUR A IMPULSION	MP2_MASZYNA	TRANSLINE 1228
192									MP2_MASZYNA	TRANSLINE 1228
193	18	1	KM9-KM10	LC2 D0901F7	8325.0003	SCHUETZ	TELEMEC	INVERSEUR 110V/115V 60HZ 9A 3P + 1”O”	MP2_MASZYNA	TRANSLINE 1228
194	18	2	N.L.20	21028	8316.0043	STOERSCHUTZ	MURELEC	ANTIPARASITE 220 OH/0,2MF RC-3 DIL 250 (CONTACTEUR DILR)	MP2_MASZYNA	TRANSLINE 1228
195	19	1	KM11-KM12	LC2 D0901F7	8325.0003	SCHUETZ	TELEMEC	INVERSEUR 110V/115V 60HZ 9A 3P + 1”O”	MP2_MASZYNA	TRANSLINE 1228
196	19	2	N.L.20	21028	8316.0043	STOERSCHUTZ	MURELEC	ANTIPARASITE 220 OH/0,2MF RC-3 DIL 250 (CONTACTEUR DILR)	MP2_MASZYNA	TRANSLINE 1228
197									MP2_MASZYNA	TRANSLINE 1228
198	19	1	GI20-N.L.510	PB10 572R/25	8346.0160	KODIERER	DIVERS	G.I SANS CONNECTEUR FT MANUSCRITE	MP2_MASZYNA	TRANSLINE 1228
199	19	1	GI20-N.L.520	T3361-001	8360.0068	STECKER	AMPHENO	FICHE FEMELLE CIRCULAIRE C91-TYPEA 5CTS UMD	MP2_MASZYNA	TRANSLINE 1228
200	19	1	N.L.530	1001-11L36	8346.0171	KARTE	GERAL	CARTE FILTRAGE 2 DP POUR MP2	MP2_MASZYNA	TRANSLINE 1228
201									MP2_MASZYNA	TRANSLINE 1228
202	19	1	GI19-N.L.510	PB10 572R/25	8346.0160	KODIERER	DIVERS	G.I SANS CONNECTEUR FT MANUSCRITE	MP2_MASZYNA	TRANSLINE 1228
203	19	1	GI19-N.L.520	T3361-001	8360.0068	STECKER	AMPHENO	FICHE FEMELLE CIRCULAIRE C91-TYPEA 5CTS UMD	MP2_MASZYNA	TRANSLINE 1228
204	19	1	N.L.530	1001-11L36	8346.0171	KARTE	GERAL	CARTE FILTRAGE 2 DP POUR MP2	MP2_MASZYNA	TRANSLINE 1228
205	20	1	QF4	GV2M-10	8385.0069	SICHERHEITSSCHALTER	TELEMEC	DISJ. DE 4 A 6 AMP	MP2_MASZYNA	TRANSLINE 1228
206	20	1	SB7	XB2-BA21	8345.0223	KNOPF	TELEMEC	BOUTON POUSSOIR NOIR 1”F” DIAM=22 AFFLEUR A IMPULSION	MP2_MASZYNA	TRANSLINE 1228
207	20	1	SB8	XB2-BA21	8345.0223	KNOPF	TELEMEC	BOUTON POUSSOIR NOIR 1”F” DIAM=22 AFFLEUR A IMPULSION	MP2_MASZYNA	TRANSLINE 1228
208									MP2_MASZYNA	TRANSLINE 1228
209	20	1	KM7-KM8	LC2 D0901F7	8325.0003	SCHUETZ	TELEMEC	INVERSEUR 110V/115V 60HZ 9A 3P + 1”O”	MP2_MASZYNA	TRANSLINE 1228
210	20	2	N.L.20	21028	8316.0043	STOERSCHUTZ	MURELEC	ANTIPARASITE 220 OH/0,2MF RC-3 DIL 250 (CONTACTEUR DILR)	MP2_MASZYNA	TRANSLINE 1228
211									MP2_MASZYNA	TRANSLINE 1228
212	20	1	D47	XSA H 0131	8327.0044	DETEKTOR	TELEMEC	DETECTEUR 12A 24VCC DIAM 8 MM	MP2_MASZYNA	TRANSLINE 1228
213	20	1	D48	XSA H 0131	8327.0044	DETEKTOR	TELEMEC	DETECTEUR 12A 24VCC DIAM 8 MM	MP2_MASZYNA	TRANSLINE 1228
214	20	1	N.L.530	1001-11L36	8346.0171	KARTE	GERAL	CARTE FILTRAGE 2 DP POUR MP2	MP2_MASZYNA	TRANSLINE 1228
215	21	1	QF03	GV2M-05	8385.0098	SICHERHEITSSCHALTER	TELEMEC	DISJ. DE 0,6 A 1 AMP	MP2_MASZYNA	TRANSLINE 1228
216	21	1	AL1	BACRF129/10A	8346.0220	STROMVERSORGUNG	DIFSELC	ALIM 24VCC REDESSEE/FILTREE E:380V/450V* BOITIOER N’6	MP2_MASZYNA	TRANSLINE 1228
217	21	1	SA1	XB2-BD53	8345.0217	KNOPF	TELEMEC	BOUTON TOURNANT A MANETTE 3 POSITIONS F+F 2 A RAPPEL CENTRE	MP2_MASZYNA	TRANSLINE 1228
218	21	1	SA2	XB2-BD53	8345.0217	KNOPF	TELEMEC	BOUTON TOURNANT A MANETTE 3 POSITIONS F+F 2 A RAPPEL CENTRE	MP2_MASZYNA	TRANSLINE 1228
219	21	1	SA3	XB2-BD53	8345.0217	KNOPF	TELEMEC	BOUTON TOURNANT A MANETTE 3 POSITIONS F+F 2 A RAPPEL CENTRE	MP2_MASZYNA	TRANSLINE 1228
220	21	1	SA4	XB2-BD53	8345.0217	KNOPF	TELEMEC	BOUTON TOURNANT A MANETTE 3 POSITIONS F+F 2 A RAPPEL CENTRE	MP2_MASZYNA	TRANSLINE 1228
221	21	1	XSP1-N.L.550	PMR 532106	8360.0055	STECKER	RADIALE	PROLONG.MALE 6 CONTACTS RAPIDE MARQUE:JAEGER	MP2_MASZYNA	TRANSLINE 1228
222	21	1	XSP1-N.L.560	FFR 532006	8360.0054	STECKER	RADIALE	FICHE FEMELLE 6 CONTACTS RAPIDE MARQUE:JAEGER	MP2_MASZYNA	TRANSLINE 1228
223	21	2	XSP1-N.L.570	630135.006	8360.0050	KABELKLEMME	RADIALE	SERRE-CABLE 5 A 9 MM BOITIER N1 MARQUE:JAEGER	MP2_MASZYNA	TRANSLINE 1228
224	21	1	XSP2-N.L.580	PMR 532106	8360.0055	STECKER	RADIALE	PROLONG.MALE 6 CONTACTS RAPIDE MARQUE:JAEGER	MP2_MASZYNA	TRANSLINE 1228
225	21	1	XSP2-N.L.590	FFR 532006	8360.0054	STECKER	RADIALE	FICHE FEMELLE 6 CONTACTS RAPIDE MARQUE:JAEGER	MP2_MASZYNA	TRANSLINE 1228
226	21	2	XSP2-N.L.600	630135.006	8360.0050	KABELKLEMME	RADIALE	SERRE-CABLE 5 A 9 MM BOITIER N1 MARQUE:JAEGER	MP2_MASZYNA	TRANSLINE 1228
227	21	1	XSP3-N.L.610	PMR 532106	8360.0055	STECKER	RADIALE	PROLONG.MALE 6 CONTACTS RAPIDE MARQUE:JAEGER	MP2_MASZYNA	TRANSLINE 1228
228	21	1	XSP3-N.L.620	FFR 532006	8360.0054	STECKER	RADIALE	FICHE FEMELLE 6 CONTACTS RAPIDE MARQUE:JAEGER	MP2_MASZYNA	TRANSLINE 1228
229	21	2	XSP3-N.L.630	630135.006	8360.0050	KABELKLEMME	RADIALE	SERRE-CABLE 5 A 9 MM BOITIER N1 MARQUE:JAEGER	MP2_MASZYNA	TRANSLINE 1228
230	22	1	XSP4-N.L.640	PMR 532106	8360.0055	STECKER	RADIALE	PROLONG.MALE 6 CONTACTS RAPIDE MARQUE:JAEGER	MP2_MASZYNA	TRANSLINE 1228
231	22	1	XSP4-N.L.650	FFR 532006	8360.0054	STECKER	RADIALE	FICHE FEMELLE 6 CONTACTS RAPIDE MARQUE:JAEGER	MP2_MASZYNA	TRANSLINE 1228
232	22	2	XSP4-N.L.660	630135.006	8360.0050	KABELKLEMME	RADIALE	SERRE-CABLE 5 A 9 MM BOITIER N1 MARQUE:JAEGER	MP2_MASZYNA	TRANSLINE 1228
233									MP2_MASZYNA	TRANSLINE 1228
234	22	1	N.L.10	BACRF129/10A	8346.0220	STROMVERSORGUNG	DIFSELC	ALIM 24VCC REDESSEE/FILTREE E:380V/450V* BOITIOER N’6	MP2_MASZYNA	TRANSLINE 1228
235	23	1	AL2	BAC 115/1AMP	8346.0217	STROMVERSORGUNG	DIFSELC	ALIM 24VCC BOITIOER NØ1 REGUL&STABIL 110V/220V	MP2_MASZYNA	TRANSLINE 1228
236	23	1	V3	EGE 9S	8316.0029	DIODE	KM	BLOC DIODE 24VCC	MP2_MASZYNA	TRANSLINE 1228
237	23	1	KA3	ETS-00-44-24VCC	8316.0027	RELAIS	KM	RELAIS STATIQUE	MP2_MASZYNA	TRANSLINE 1228
238	23	1	KA4	ETS-00-44-24VCC	8316.0027	RELAIS	KM	RELAIS STATIQUE	MP2_MASZYNA	TRANSLINE 1228
239	23	1	KA5A-KA5B	ETS-V1-2-24VCC	8316.0028	RELAIS	KM	RELAIS ELECTROMAGNETIQUE	MP2_MASZYNA	TRANSLINE 1228
240	23	1	KA18	ETS-00-44-24VCC	8316.0027	RELAIS	KM	RELAIS STATIQUE	MP2_MASZYNA	TRANSLINE 1228
241	23	1	BQ1	IFR 30-24-35/S7	8327.0061	DETEKTOR	BAUMER	DETECTEUR DIAM=30MM PORTEE=10MM + CONNECTEUR ES7	MP2_MASZYNA	TRANSLINE 1228
242	23	1	BQ3	IFR 30-24-35/S7	8327.0061	DETEKTOR	BAUMER	DETECTEUR DIAM=30MM PORTEE=10MM + CONNECTEUR ES7	MP2_MASZYNA	TRANSLINE 1228
243	23	1	CEL1	P460C07-10/30V	8317.0227	ZELLE	DINEL	-CEL DIRCT	MP2_MASZYNA	TRANSLINE 1228
244	23	1	CEL2	P460C07-10/30V	8317.0227	ZELLE	DINEL	-CEL DIRCT	MP2_MASZYNA	TRANSLINE 1228
245	23	1	CEL3	P460C07-10/30V	8317.0227	ZELLE	DINEL	-CEL DIRCT	MP2_MASZYNA	TRANSLINE 1228
246	23	1	CEL4	P460C07-10/30V	8317.0227	ZELLE	DINEL	-CEL DIRCT	MP2_MASZYNA	TRANSLINE 1228
247	23	1	CEL5	P460C07-10/30V	8317.0227	ZELLE	DINEL	-CEL DIRCT	MP2_MASZYNA	TRANSLINE 1228
248	23	1	CEL6	P460C07-10/30V	8317.0227	ZELLE	DINEL	-CEL DIRCT	MP2_MASZYNA	TRANSLINE 1228
249	23	1	CEL7	P460C07-10/30V	8317.0227	ZELLE	DINEL	-CEL DIRCT	MP2_MASZYNA	TRANSLINE 1228
250	23	1	CEL8	P460C07-10/30V	8317.0227	ZELLE	DINEL	-CEL DIRCT	MP2_MASZYNA	TRANSLINE 1228
251	23	1	CEL9	P460C07-10/30V	8317.0227	ZELLE	DINEL	-CEL DIRCT	MP2_MASZYNA	TRANSLINE 1228
252	23	1	SA7		8361.3155	KNOPF		BOUTON TOUR.”20”3POS FIX TETE NOIRE	MP2_MASZYNA	TRANSLINE 1228
253	24	1	SA7-N.L.581	ZB2BD3	8345.0155	KNOPFHAUBE	TE	TETE BT 3PTS FX 3PTS FIXES NOIRE	MP2_MASZYNA	TRANSLINE 1228
254	24	1	SA7-N.L.582	ZB2 BZ102	8345.0142	KOERPER	TELEMEC	CORPS DIAM22 + 1ELEMENT CONTACT O	MP2_MASZYNA	TRANSLINE 1228
255	24	1	SA7-N.L.583	ZB2BE102	8345.0144	KONTAKTBLOCK	TELEMEC	ELEMENT CONTACT CONTACT O	MP2_MASZYNA	TRANSLINE 1228
256									MP2_MASZYNA	TRANSLINE 1228
257	24	1	KA6	DILR22	8365.0149	SCHUETZ	KM	CONTACTEUR 110/120V-50/60HZ 2 „O” + 2 „F”	MP2_MASZYNA	TRANSLINE 1228
258	24	1	N.L.20	21028	8316.0043	STOERSCHUTZ	MURELEC	ANTIPARASITE 220 OH/0,2MF RC-3 DIL 250 (CONTACTEUR DILR)	MP2_MASZYNA	TRANSLINE 1228
259	24	1	SAH5-N.L.510	XB2BK12531	8305.0234	KNOPF	ISNARD	BTL JAUNE 110V-50/60HZ 120V-60HZ 1F 2 POS.FIXES TELE.	MP2_MASZYNA	TRANSLINE 1228
260	24	1	SAH5-N.L.520	ZB2BE102	8345.0144	KONTAKTBLOCK	TELEMEC	ELEMENT CONTACT CONTACT O	MP2_MASZYNA	TRANSLINE 1228
261	24	1	HL4	XB2-BV34	8305.0188	SIGNALLAMPE	TELEMEC	VOYANT LUMINEUX 110V-50HZ/110-120V-60HZ ROUGE DIAM=22	MP2_MASZYNA	TRANSLINE 1228
262	25	1	YV1		8301.0084	SPULE	HERION	BOBINE REF:0200.110V/50HZ (SANS PRISE)	MP2_MASZYNA	TRANSLINE 1228
263	25	1	N.L.520	70856/70644	8316.0034	STORESCHUTZ		ANTIPARASITE RC LUTZ PR E-V TYPE LRCV3 022/220	MP2_MASZYNA	TRANSLINE 1228
264	26	1	QF9-N.L.10	GV2M-08	8385.0068	SICHERHEISSCHALTER	TELEMEC	DISJ. DE 2,4 A 4 AMP	MP2_MASZYNA	TRANSLINE 1228
265	26	1	QF9-N.L.20	GV2AN11	8300.0040	KONTAKTBLOCK	TELEMEC	CONTACT AUX „1F” + „1O”	MP2_MASZYNA	TRANSLINE 1228
266	26	1	SB17	XB2-BA42	8345.0224	KNOPF	TELEMEC	BOUTON POUSSOIR ROUGE 1”O” DIAM=22 A FFLE. AIMPULSION	MP2_MASZYNA	TRANSLINE 1228
267	26	1	SB18	XB2-BA21	8345.0223	KNOPF	TELEMEC	BOUTON POUSSOIR NOIR 1”F” DIAM=22 AFFLEUR A IMPULSION	MP2_MASZYNA	TRANSLINE 1228
268	26	1	XSP5-N.L.530	3111013000M	8360.0020	STECKER	MARECHA	FICHE MALE 16/30A 380v + POIGNEE 3P+T	MP2_MASZYNA	TRANSLINE 1228
269	26	1	XSP5-N.L.540	3110013000M	8360.0018	SOCKEL	MARECHA	SOCLE FEMELLE 16/30A 380V +COUVERCLE 3P+T SOCLE MURAL	MP2_MASZYNA	TRANSLINE 1228
270									MP2_MASZYNA	TRANSLINE 1228
271	26	1	KM15	LC1 D0910F7	8320.0039	SCHUETZ	TELEMEC	CONTACTEUR 110V 50HZ / 115V 60HZ 9A 3P +1”F”	MP2_MASZYNA	TRANSLINE 1228
272	26	1	N.L.20	21028	8316.0043	STORESCHUTZ	MURELEC	ANTIPARASITE 220 OH/0,2MF RC-3 DIL 250 (CONTACTEUR DILR)	MP2_MASZYNA	TRANSLINE 1228
273	27	1	KA7	ETS-00-44-24VCC	8316.0027	RELAIS	KM	RELAIS STATIQUE	MP2_MASZYNA	TRANSLINE 1228
274	27	1	KA8	ETS-00-44-24VCC	8316.0027	RELAIS	KM	RELAIS STATIQUE	MP2_MASZYNA	TRANSLINE 1228
275	27	1	KA9A	ETS-V1-2-24VCC	8316.0028	RELAIS	KM	RELAIS ELECTROMAGNETIQUE	MP2_MASZYNA	TRANSLINE 1228
276	27	1	KA9C	ETS-V1-2-24VCC	8316.0028	RELAIS	KM	RELAIS ELECTROMAGNETIQUE	MP2_MASZYNA	TRANSLINE 1228
277	27	1	BQ2	XSA-H05713	8327.0050	DETEKTOR	TE	DETECTEUR DE 12V A 48V DIAM 18 3 FILS	MP2_MASZYNA	TRANSLINE 1228
278	27	1	CEL4	FVPSD61	8317.0214	DETEKTOR	DINEL	-DET.AF445C07-24V-DIRECT+ -FIBRE-OPT.	MP2_MASZYNA	TRANSLINE 1228
279									MP2_MASZYNA	TRANSLINE 1228
280	27	1	KA10	DILR22	8365.0149	SCHUETZ	KM	CONTACTEUR 110/120V-50/60HZ 2 „O” + 2 „F”	MP2_MASZYNA	TRANSLINE 1228
281	27	1	N.L.10	21028	8316.0043	STOERSCHUTZ	MURELEC	ANTIPARASITE 220 OH/0,2MF RC-3 DIL 250 (CONTACTEUR DILR)	MP2_MASZYNA	TRANSLINE 1228
282	27	1	HL5	XB2-BV34	8305.0188	SIGNALLAMPE	TELEMEC	VOYANT LUMINEUX 110V-50HZ/110-120V-60HZ ROUGE DIAM=22	MP2_MASZYNA	TRANSLINE 1228
283	28	1	QF10-N.L.10	GV2M-07	8385.0067	SICHERHEITSSCHALTER	TELEMEC	DISJ. DE 1,6 A 2,4 AMP	MP2_MASZYNA	TRANSLINE 1228
284	28	1	QF10-N.L.20	GV2AN11	8300.0040	KONTAKTBLOCK	TELEMEC	CONTACT AUX „1F” + „1O”	MP2_MASZYNA	TRANSLINE 1228
285	28	1	SB28	XB2-BA21	8345.0223	KNOPF	TELEMEC	BOUTON POUSSOIR NOIR 1”F” DIAM=22 AFFLEUR A IMPULSION	MP2_MASZYNA	TRANSLINE 1228
286	28	1	SB28	ZB2BE101	8345.0143	KONTAKTBLOCK	TELEMEC	ELEMENT CONTACT CONTACT F	MP2_MASZYNA	TRANSLINE 1228
287									MP2_MASZYNA	TRANSLINE 1228
288	28	1	KM16	LC1 D0910F7	8320.0039	SCHUETZ	TELEMEC	CONTACTEUR LC1 D0910F7 110V 50HZ / 115V 60HZ 9A 3P + 1”F”	MP2_MASZYNA	TRANSLINE 1228
289	28	1	KT1		8390.0070	ZEITRELAIS	DAMAC	MINUTERIE BLRMU 24 @ 240V DE 0,1 SEC. A 10 HEURES SYRELEC	MP2_MASZYNA	TRANSLINE 1228
290	28	1	N.L.30	LRC-S7-0341	8316.0033	STOERSCHUTZ	PRAT	ANTIPARASITE 220 OH + 0,22MF 	MP2_MASZYNA	TRANSLINE 1228
291	29	1	QF11	GV2M-07	8385.0067	SICHERHEISSCHALTER	TELEMEC	DISJ. DE 1,6 A 2,4 AMP	MP2_MASZYNA	TRANSLINE 1228
292	29	1	SB19	XB2-BA21	8345.0223	KNOPF	TELEMEC	BOUTON POUSSOIR NOIR 1”F” DIAM=22 AFFLEUR A IMPULSION	MP2_MASZYNA	TRANSLINE 1228
293	29	1	SB20	XB2-BA21	8345.0223	KNOPF	TELEMEC	BOUTON POUSSOIR NOIR 1”F” DIAM=22 AFFLEUR A IMPULSION	MP2_MASZYNA	TRANSLINE 1228
294	29	1	SQ13	XCK-S131	8350.0197	ENDSCHALTER	ISNARD	FIN DE COURSE O+F MOUV.ANG.LEVIER GALET THERMO. TELEMECA	MP2_MASZYNA	TRANSLINE 1228
295	29	1	SQ14	XCK-S141	8350.0198	ENDSCHALTER	ISNARD	FIN DE COURSE O+F MOUV.ANG.LEVIER GALET LONG.VAR.TELEMAC	MP2_MASZYNA	TRANSLINE 1228
296									MP2_MASZYNA	TRANSLINE 1228
297	29	1	KM17-KM18	LC2 D0901F7	8325.0003	SCHUETZ	TELEMEC	INVERSEUR 110V/115V 60HZ 9A 3P + 1”O”	MP2_MASZYNA	TRANSLINE 1228
298	29	2	N.L.20	21028	8316.0043	STOERSCHUTZ	MURELEC	ANTIPARASITE 220 OH/0,2MF RC-3 DIL 250 (CONTACTEUR DILR)	MP2_MASZYNA	TRANSLINE 1228
299	30	1	D51	XSA H 0131	8327.0044	DETEKTOR	TELEMEC	DETECTEUR 12A 24VCC DIAM 8 MM	MP2_MASZYNA	TRANSLINE 1228
300	30	1	D52	XSA H 0131	8327.0044	DETEKTOR	TELEMEC	DETECTEUR 12A 24VCC DIAM 8 MM	MP2_MASZYNA	TRANSLINE 1228
301	30	1	N.L.530	1001-11L36	8346.0171	KARTE	GERAL	CARTE FILTRAGE 2 DP POUR MP2	MP2_MASZYNA	TRANSLINE 1228
302	31	1	PC1	6108-3R	8317.0231	ZAEHLER	DAMAC	COMPTEUR AVEC CARTE D’ENTREE (SYRELEC)	MP2_MASZYNA	TRANSLINE 1228
303	31	1	CEL6-N.L.520	42DRPS000	8361.4000	ZELLE		CELLULE + SOCLE PHOTO-SWITCH PNP	MP2_MASZYNA	TRANSLINE 1228
304	31	1	CEL6-N.L.521	42DTB5000	8317.0176	SOCKEL	DEL	SOCLE CEL SERIE BLEUE TEMONAL BASE PHOTO SWITCH	MP2_MASZYNA	TRANSLINE 1228
305	31	1	CEL6-N.L.522	42DRP5000	8317.0175	ZELLE	DEL	CEL SERIE BLEUE PHOTOHEAD SORTIE PNP PHOTO-SWITCH	MP2_MASZYNA	TRANSLINE 1228
306	31	1	CEL6-N.L.530	PN 9239	8317.0013	SCHEIBE	ELECTRO	DISQUE DIAM 80 (PHOTO-SWITCH)	MP2_MASZYNA	TRANSLINE 1228
307									MP2_MASZYNA	TRANSLINE 1228
308	31	1	PC2	55-100-450	8317.0170	ZAEHLER	DURANT	COMPTEUR 92V A 132 VAC 50/60HZ 4 DECADES	MP2_MASZYNA	TRANSLINE 1228
309	31	1	R1		6844.0002	WIDERSTAND	DIMACEL	RESISTANCES 1W 5% TOUTES VALEURS CONFONDUES(4,7K)	MP2_MASZYNA	TRANSLINE 1228
310									MP2_MASZYNA	TRANSLINE 1228
311	31	1	N.L.510	42DRP5000	8317.0175	ZELLE	DEL	CEL SERIE BLEUE PHOTOHEAD SORTIE PNP PHOTO-SWITCH	MP2_MASZYNA	TRANSLINE 1228
312	31	1	N.L.520	42DTB5000	8317.0176	SOCKEL	DEL	SOCLE CEL SERIE BLEUE TEMONAL BASE PHOTO SWITCH	MP2_MASZYNA	TRANSLINE 1228
313	31	1	N.L.530	PN 9239	8317.0013	SCHEIBE	ELECTRO	DISQUE DIAM 80 (PHOTO-SWITCH)	MP2_MASZYNA	TRANSLINE 1228
314	32	1	SQ18	XCK-S131	8350.0197	ENDSCHALTER	ISNARD	FIN DE COURSE O+F MOUV.ANG.LEVIER GALET THERMO. TELEMECA	MP2_MASZYNA	TRANSLINE 1228
315	32	1	SQ19	XCK-S102	8350.0164	ENDSCHALTER	TELEMEC	FIN DE COURSE O+F MOUV.RECT. POUSSOIR GALET/AT.CAME 30Ø	MP2_MASZYNA	TRANSLINE 1228
316	32	1	SQ20	XCK-S131	8350.0197	ENDSCHALTER	ISNARD	FIN DE COURSE O+F MOUV.ANG.LEVIER GALET THERMO. TELEMECA	MP2_MASZYNA	TRANSLINE 1228
317									MP2_MASZYNA	TRANSLINE 1228
318	32	1	YV2		8301.0084	SPULE	HERION	BOBINE REF:0200.110V/50HZ (SANS PRISE)	MP2_MASZYNA	TRANSLINE 1228
319	32	1	YV3		8301.0084	SPULE	HERION	BOBINE REF:0200.110V/50HZ (SANS PRISE)	MP2_MASZYNA	TRANSLINE 1228
320	32	1	YV4		8301.0084	SPULE	HERION	BOBINE REF:0200.110V/50HZ (SANS PRISE)	MP2_MASZYNA	TRANSLINE 1228
321	32	1	YV5		8301.0084	SPULE	HERION	BOBINE REF:0200.110V/50HZ (SANS PRISE)	MP2_MASZYNA	TRANSLINE 1228
322	32	4	N.L.550	70856/70644	8316.0034	STOERSCHUTZ		ANTIPARASITE RC LUTZ PR E-V TYPE LRCV3 022/220	MP2_MASZYNA	TRANSLINE 1228
323	33	1	SB26-N.L.510		8361.3061	KNOPF		BOUTON POUSSOIR CORPS „O” + TETE NOIRE	MP2_MASZYNA	TRANSLINE 1228
324	33	1	SB26-N.L.511	ZB2 BZ102	8345.0142	KOERPER	TELEMEC	CORPS DIAM22 + 1ELEMENT CONTACT O	MP2_MASZYNA	TRANSLINE 1228
325	33	1	SB26-N.L.512	ZB2 BA2	8345.0145	KNOPFHAUBE	TELEMEC	TETE BP NOIRE	MP2_MASZYNA	TRANSLINE 1228
326									MP2_MASZYNA	TRANSLINE 1228
327	33	1	KA13	CA2DN22F7	8365.0053	SCHUETZ	TELEMEC	CONTACTEUR AUX. 110-50HZ/115V-60HZ 2”F” + 2”O”	MP2_MASZYNA	TRANSLINE 1228
328	33	1	KLA-KLB	CA2DN22F7	8365.0056	SCHUETZ	TELEMEC	CONTACTEUR AUX. 110-50HZ/115V-60HZ A MEN 2”F” + 2”O”	MP2_MASZYNA	TRANSLINE 1228
329	33	3	N.L.30	LRC-S7-0341	8316.0033	STOERSCHUTZ	PRAT	ANTIPARASITE 220 OH + 0,22MF 	MP2_MASZYNA	TRANSLINE 1228
330	33	1	YV6		8301.0084	SPULE	HERION	BOBINE REF:0200.110V/50HZ (SANS PRISE)	MP2_MASZYNA	TRANSLINE 1228
331	33	1	YV7		8301.0084	SPULE	HERION	BOBINE REF:0200.110V/50HZ (SANS PRISE)	MP2_MASZYNA	TRANSLINE 1228
332	33	1	YV8		8301.0084	SPULE	HERION	BOBINE REF:0200.110V/50HZ (SANS PRISE)	MP2_MASZYNA	TRANSLINE 1228
333	33	3	N.L.540	70856/70644	8316.0034	STORESCHUTZ		ANTIPARASITE RC LUTZ PR E-V TYPE LRCV3 022/220	MP2_MASZYNA	TRANSLINE 1228
334	33	1	SB27-N.L.550		8361.3081			BOUTON POUSSOIR LUMINEUX „F” TETE JAUNE 110V	MP2_MASZYNA	TRANSLINE 1228
335	33	1	SB27-N.L.551	ZB2 BW 031	8305.0097	KOERPER	TELEMEC	CORPS BPL 110V/6V-DIAM 22	MP2_MASZYNA	TRANSLINE 1228
336	34	1	SB27-N.L.552	ZB2BW35	8305.0113	KNOPFHAUBE	TELEMEC	TETE BPL JAUNE	MP2_MASZYNA	TRANSLINE 1228
337	35	1	BR7		8302.0056	GEHAEUSE	TELEMEC	BOITIER XAPM 21	MP2_MASZYNA	TRANSLINE 1228
338	35	1	BR8		8302.0056	GEHAEUSE	TELEMEC	BOITIER XAPM 21	MP2_MASZYNA	TRANSLINE 1228
339	35	1	BR9	K8-35-15	8302.0044	KASTEN	HAWA	BOITE ENTANCHE 80X350X150	MP2_MASZYNA	TRANSLINE 1228
340									MP2_MASZYNA	TRANSLINE 1228
341	35	1	KA11	PR4202RTSHRAC	8365.0174	RELAIS	PHOENIX	REL24VCC 0,5W CTS FLASHOR CI 2 FACES ENTANCHE/POUSSIERE PHOENIX RELAIS	MP2_MASZYNA	TRANSLINE 1228
342	35	1	CEL5	P460C07-10/30V	8317.0232	ZELLE	DINEL	-CEL. -INV.	MP2_MASZYNA	TRANSLINE 1228
343									MP2_MASZYNA	TRANSLINE 1228
344	35	1	N.L.510	P460C07-10/30V	8317.0232	ZELLE	DINEL	-CEL. -INV.	MP2_MASZYNA	TRANSLINE 1228
										
										
										
										
										
										
										
										
										
										
										
										
										
										
										
										
										
										
1	1	1	N.L.10	A 20124	8392.0136	SCHRANK	CLAUX	ARMOIRE STAR 2 PORTES 2000X1200X400 SUIVANT FT:MD26	MP2_SZAFA	TRANSLINE 1228
2	1	1	N.L.20	SS1240	8392.0140	SOCKEL	CLAUX	SOCLE ARMOIRE STAR APPRET NOIR ET STRUCTURE DE 100X1200X400	MP2_SZAFA	TRANSLINE 1228
3	1	4	N.L.30	RDZ6MZ211	6536.0003	PFOSTEN	TELEMEC	MONTANT CHASSIS L 1920	MP2_SZAFA	TRANSLINE 1228
4	1	5	N.L.40	DZ5MB201	6536.0001	PROFILEISEN	FOURNET	PROFIL DIN COD ASSYMETRIQUE	MP2_SZAFA	TRANSLINE 1228
5	1	7	N.L.50	AM1 DE 200	6536.0025	PROFILEISEN	N.P.I.	PROFIL DIN CADMIE H=15 L=35 SYMETRIQUE	MP2_SZAFA	TRANSLINE 1228
6	1	11	N.L.60	1696	6538.0001	LAUFRINNE	GGK	GOULOTTE H60XL30 6/4 48M	MP2_SZAFA	TRANSLINE 1228
7	1	3	N.L.70	1689	6538.0002	LAUFRINNE	GGK	GOULOTTE GF 60X60A6/4 24M	MP2_SZAFA	TRANSLINE 1228
8	1	60	N.L.80	AF1-CG6	6558.0034	MUTTER	TELEMEC	ECROU M6 ENCLIQUET. PROFIL SYMETR.	MP2_SZAFA	TRANSLINE 1228
9	1	60	N.L.90	NF E25129	6590.0006	SCHRAUBE		VIS RL S,M 6-20,AC 4.8, ZINGUE-BICHROMA (POELIER)	MP2_SZAFA	TRANSLINE 1228
10	1	80	N.L.100	DZ5-MF6	8349.0017	MUTTER	TELEMEC	ECROU A AGRAFE M6	MP2_SZAFA	TRANSLINE 1228
11	1	110	N.L.110	NF E25114	6586.0011	SCHRAUBE		VIS H,M 6- 20,AC 8.8, ZINGUE-BICHROMA	MP2_SZAFA	TRANSLINE 1228
12	1	110	N.L.120	55.06.03.44	6582.0029	RUNDSCHEIBE	MAURIN	RONDEL.CTS PICOT 6-12-1,2 NOMEL	MP2_SZAFA	TRANSLINE 1228
13	1	30	N.L.130	RDZ5 ME5	6538.0015	MUTTER	TELEMEC	ECROU COULIS M6	MP2_SZAFA	TRANSLINE 1228
14	1	2	N.L.140	250 222	6570.0139	BRETT		PLANCHE 3 PICTOGRAMMES „ECLAIR DANS TRIANGLE LARG.:90	MP2_SZAFA	TRANSLINE 1228
15	1	2	N.L.150	2802-0	6514.0006	STANGE	FGET	BARRE NEUTRE NUE T NSCH 1000X15X2	MP2_SZAFA	TRANSLINE 1228
16	1	50	N.L.160	2801-0	6514.0007	BUEGEL	FGET	ETRIER DE SERRAGE P/BARRE NEUTRE T DS	MP2_SZAFA	TRANSLINE 1228
17	2	50	N.L.170	2967-0	6514.0008	SCHRAUBE	FGET	VIS DE SERRAGE P BARRE N M5X3 TYPE BS	MP2_SZAFA	TRANSLINE 1228
18	2	1	QF1	GV2M-08	8385.0068	SICHERHEITSSCHALTER	TELEMEC	DISJ. DE 2,4 A 4 AMP	MP2_SZAFA	TRANSLINE 1228
19	2	1	QF2	FAZNC2	8385.2042	SICHERHEITSSCHALTER	K.M	DISJONCTEUR UNIPOLAIRE 2 AMP „UL”	MP2_SZAFA	TRANSLINE 1228
20	2	1	QF3	FANZC4	8385.2039	SICHERHEITSSCHALTER	K.M	DISJONCTEUR UNIPOLAIRE 4 AMPERES NORMES „UL”	MP2_SZAFA	TRANSLINE 1228
21	2	1	QF4	FAZNC2	8385.2042	SICHERHEITSSCHALTER	K.M	DISJONCTEUR UNIPOLAIRE 2 AMP „UL”	MP2_SZAFA	TRANSLINE 1228
22	2	1	QF6	FAZNC1	8385.2041	SICHERHEITSSCHALTER	K.M	DISJONCTEUR UNIPOLAIRE 1 AMPERE NORMES „UL”	MP2_SZAFA	TRANSLINE 1228
23	2	1	EL1	PS4143	8343.0021	ROHR	RITTAL	TUBE FLUORESCENT 230V 50HZ 15W L:475MM SANS STATER	MP2_SZAFA	TRANSLINE 1228
24	2	1	SQ1	PS4127	8350.0144	SCHALTER	RITTAL	INTER DE PORTE POUR ECLAIRAGE ARMOIRE TYPE PS	MP2_SZAFA	TRANSLINE 1228
25	2	1	EV2-N.L.280		8361.2505	VENTILATOR		VENTILATEUR RITTAL 220V + GRILLE + JOINT + FILTRE	MP2_SZAFA	TRANSLINE 1228
26	2	1	EV2-N.L.281	SK 3151	8687.0099	VENTILATOR	RITTAL	VENTILATEUR 220V/ 50HZ-230V/60HZ A FILTRE	MP2_SZAFA	TRANSLINE 1228
27	2	1	EV2-N.L.282	SK 3191	8687.1009	DICHTUNG	RITTAL	JOINT POUR FILTRE SK3161 & SK3151 LIVRE PAR 5	MP2_SZAFA	TRANSLINE 1228
28	2	1	EV2-N.L.290		8361.2506	SAUGOEFFNUNG		OUIE D’AERATION RITTAL + DILTRE + JOINT	MP2_SZAFA	TRANSLINE 1228
29	2	1	EV2-N.L.291	SK 3191	8687.1009	DICHTUNG	RITTAL	JOINT POUR FILTRE SK3161 & SK3151 LIVRE PAR 5	MP2_SZAFA	TRANSLINE 1228
30	2	1	EV2-N.L.292	SK 3161	8687.1010	FILTER	RITTAL	FILTRE DE SORTIE	MP2_SZAFA	TRANSLINE 1228
31	2	1	VC1	BAC117	8346.0174	STROMVERSORGUNG	DIFSELC	ALIM 3,5AMP. 24VCC REGULEE/STABILISE BOITIER N’4	MP2_SZAFA	TRANSLINE 1228
32	2	1	F1	SK31120000	8346.0257	THERMOSTAT	RITTAL	THERMOSTAT 250V/10A SUR CONTACTS 15 A 65 DEGRES	MP2_SZAFA	TRANSLINE 1228
33	3	1	XS04	03235	8360.0087	STECKER	FOURNET	PRISE 2POLES+ 10/16AMPERES 250V/CA „LEGRAND”	MP2_SZAFA	TRANSLINE 1228
34	3	1	ALIM1	200110-0	8346.7019	STROMVERSORGUNG	CENTALP	ALIMENTATION RACK CA300	MP2_SZAFA	TRANSLINE 1228
35	3	1	BAC	200 018-1	8346.7009	KARTE	CENTALP	RACK 19 POUCES STANDARD	MP2_SZAFA	TRANSLINE 1228
36	3	1	ALIM	100089-1	8346.7000	KARTE	CENTALP	CARTE ALIM 5V/6A TYPE 5	MP2_SZAFA	TRANSLINE 1228
37	3	1	DC/RP	100136-0	8346.7006	KARTE	CENTALP	CARTE DEC/RAM/RPROM 27128	MP2_SZAFA	TRANSLINE 1228
38	3	4	N.L.450	27128	8346.0188	SPEICHER	CENTALP	MEMOIRE L 27128 I20 TEMPS D’ACCES 250NS VPP 12,5V	MP2_SZAFA	TRANSLINE 1228
39	3	1	UC	100096	8346.1289	KARTE	CENTALP	CARTE UC 8085	MP2_SZAFA	TRANSLINE 1228
40	3	1	C0	100035-9	8346.7008	KARTE	CENTALP	CARTE RPROM 2716 A PARTIR MP2 N.37	MP2_SZAFA	TRANSLINE 1228
41	3	1	C2	100085-4	8346.7007	KARTE	CENTALP	CARTE EEPROM DECODEE 2K. A PARTIR MP2 N37	MP2_SZAFA	TRANSLINE 1228
42	3	12	N.L.500	D2716	8346.0176	SPEICHER	CENTALP	MEMOIRE VIERGE CONTROLEE ET GRANTIE	MP2_SZAFA	TRANSLINE 1228
43	3	1	C3	100009-1	8346.1132	KARTE	CENTALP	CARTE 4 USART AVEC RX-RDY	MP2_SZAFA	TRANSLINE 1228
44	3	7	C4-CA	100021-3	8346.1288	KARTE	CENTALP	CARTE COMPTAGE/DECOMPTAGE 9 VOLTS	MP2_SZAFA	TRANSLINE 1228
45	3	1	CB	10113-0	8346.1130	KARTE	CENTALP	CARTE 16E/16S 12V/24V COUPURE	MP2_SZAFA	TRANSLINE 1228
46	3	2	CC.CD	100128-0	8346.1129	KARTE	CENTALP	CARTE 32 S 12V. COUPURE	MP2_SZAFA	TRANSLINE 1228
47	3	1	CF	100030-1	8346.1276	KARTE	CENTALP	CARTE ALIM 5V SECOURUE	MP2_SZAFA	TRANSLINE 1228
48	3	1	EV1-N.L.600	148 VK 0282 000	8687.0013	VENTILATOR	ETRI	MOTO-VENTIL 110V-50/60HZ	MP2_SZAFA	TRANSLINE 1228
49	4	1	EV1-N.L.610	12001-43	8687.0081	GITTER	DIMACEL	GRILLE PROTEGE DOIGTS(POUR VENT. ETRI)	MP2_SZAFA	TRANSLINE 1228
50	4	14	N.L.650	66564820	8360.0067	STECKER	COTTON	CONECT.BERG 20CTS FEMELLE A SERTIR	MP2_SZAFA	TRANSLINE 1228
51	4	10	N.L.660	65088-120	6506.0035	WALZE	COTTON	ROULEAU DE 30,48 METERS (100 POUCES)	MP2_SZAFA	TRANSLINE 1228
52	4	31	N.L.670	65846-001	6360.0064	GEHAEUSE	COTTON	BOITIER MINI LATCH DETROMPE BERG 24 CTS FEMELLE	MP2_SZAFA	TRANSLINE 1228
53	4	150	N.L.680	47745-001	6828.0064	KONTAKTBLOCK	COTTON	CONTACT MINI PV	MP2_SZAFA	TRANSLINE 1228
54	4	20	N.L.690	65088-120	6506.0035	WALZE	COTTON	ROULEAU DE 30,48 METERS (100 POUCES)	MP2_SZAFA	TRANSLINE 1228
55	4	1	XP125-N.L.700	DB25P064T	6360.0057	STECKER	DEL	CONNECTEUR 25 CONTACTS SOURIAU	MP2_SZAFA	TRANSLINE 1228
56	4	1	XP125-N.L.710	8630.3639A	8360.0058	HAUBE	DEL	CAPOT PRISE SUB D 25 BROCHES	MP2_SZAFA	TRANSLINE 1228
57	4	2	XP125-N.L.720	D20419-16	8360.0059	SCHRAUBE	CANNON	PAIRE DE VERROUILLAGE A VIS OREILLE MALE POUR SUB-D	MP2_SZAFA	TRANSLINE 1228
58	4	1	N.L.730	3150550	6506.0004	KABEL	JPM	BLINDE 5X0.5 LIYCY 500V + TRESSE CUIVRE DIAM. EXT. 6.9MM	MP2_SZAFA	TRANSLINE 1228
59	4	1	US1.US2	130 089-1	8346.7004	KARTE	CENTALP	BANDEAU 4USART-V24-BOUCLE DE COURANT	MP2_SZAFA	TRANSLINE 1228
60	4	1	CM1-N.L.810	ME01	8341.0001	TRAEGER	TERELEC	SUPPORT BANDEAU IB GERARD	MP2_SZAFA	TRANSLINE 1228
61	4	1	CM1-N.L.820	1001-11L27/C40	8346.0173	KARTE	MSA	CARTE DECOUPLAGE OPTO/COMPTAGE FEUILLE MP2	MP2_SZAFA	TRANSLINE 1228
62	4	1	E1	130079-1	8346.1296	KARTE	CENTALP	BANDEAU 16E A RELAIS 24V.	MP2_SZAFA	TRANSLINE 1228
63	4	5	B1-B5	130081-1	8346.7002	KARTE	CENTALP	BANDEAU 16S RELAIS 12V. 1 CONTACT	MP2_SZAFA	TRANSLINE 1228
64	4	1	N.L.900	901A408	8392.0150	PLATTE		PLAQUE SUPPORT PRISES MP2 SUIVANT	MP2_SZAFA	TRANSLINE 1228
65	5	1	XS01	536612	8360.0098	SOCKEL	RADIALE	EMBASE FEMELLE 12 CONTACT JAEGER	MP2_SZAFA	TRANSLINE 1228
66	5	1	XS03	EFS 536606	8360.0032	SOCKEL	FICA	EMBASE FEMELLE 6 CONTACTS STANDARD MARQUE:JAEGER	MP2_SZAFA	TRANSLINE 1228
67	5	1	XS1	536612	8360.0098	SOCKEL	RADIALE	EMBASE FEMELLE 12 CONTACT JAEGER	MP2_SZAFA	TRANSLINE 1228
68	5	1	XS2	EFS 536606	8360.0032	SOCKEL	FICA	EMBASE FEMELLE 6 CONTACTS STANDARD MARQUE:JAEGER	MP2_SZAFA	TRANSLINE 1228
69	5	1	XS6	EFS 536625	8360.0034	SOCKEL	RADIALE	EMBASE FEMELLE 25 CONTACT STANDARD MARQUE: JAEGER	MP2_SZAFA	TRANSLINE 1228
70	5	1	XS8	EFS 536625	8360.0034	SOCKEL	RADIALE	EMBASE FEMELLE 25 CONTACT STANDARD MARQUE: JAEGER	MP2_SZAFA	TRANSLINE 1228
71	5	1	XS10	EFS 536625	8360.0034	SOCKEL	RADIALE	EMBASE FEMELLE 25 CONTACT STANDARD MARQUE: JAEGER	MP2_SZAFA	TRANSLINE 1228
72	5	1	XS16	EFS 536625	8360.0034	SOCKEL	RADIALE	EMBASE FEMELLE 25 CONTACT STANDARD MARQUE: JAEGER	MP2_SZAFA	TRANSLINE 1228
73	5	1	XS18	EFS 536625	8360.0034	SOCKEL	RADIALE	EMBASE FEMELLE 25 CONTACT STANDARD MARQUE: JAEGER	MP2_SZAFA	TRANSLINE 1228
74	5	1	XS20	EFS 536625	8360.0034	SOCKEL	RADIALE	EMBASE FEMELLE 25 CONTACT STANDARD MARQUE: JAEGER	MP2_SZAFA	TRANSLINE 1228
75	5	1	XS22	536612	8360.0098	SOCKEL	RADIALE	EMBASE FEMELLE 12 CONTACT JAEGER	MP2_SZAFA	TRANSLINE 1228
76	5	1	XP00	EMR533755	8360.0074	SOCKEL	RADIALE	EMBASE MALE 4 CONTACTS SERIE RAPIDE MARQUE:JAEGER	MP2_SZAFA	TRANSLINE 1228
77	5	1	XP02	EMS 38355	8360.0036	SOCKEL	FICA	EMBASE MALE 6 CONTACTS STANDARD MARQUE:JAEGER	MP2_SZAFA	TRANSLINE 1228
78	5	1	XP5	EMS 43001	8360.0039	SOCKEL	RADIALE	EMBASE MALE 35 CONTACTS STANDARD MARQUE JAEGER	MP2_SZAFA	TRANSLINE 1228
79	5	1	XP7	EMS 43001	8360.0039	SOCKEL	RADIALE	EMBASE MALE 35 CONTACTS STANDARD MARQUE JAEGER	MP2_SZAFA	TRANSLINE 1228
80	5	1	XP9	EMS 43001	8360.0039	SOCKEL	RADIALE	EMBASE MALE 35 CONTACTS STANDARD MARQUE JAEGER	MP2_SZAFA	TRANSLINE 1228
81	6	1	XP15	EMS 43001	8360.0039	SOCKEL	RADIALE	EMBASE MALE 35 CONTACTS STANDARD MARQUE JAEGER	MP2_SZAFA	TRANSLINE 1228
82	6	1	XP17	EMS 43001	8360.0039	SOCKEL	RADIALE	EMBASE MALE 35 CONTACTS STANDARD MARQUE JAEGER	MP2_SZAFA	TRANSLINE 1228
83	6	1	XP19	EMS 43001	8360.0039	SOCKEL	RADIALE	EMBASE MALE 35 CONTACTS STANDARD MARQUE JAEGER	MP2_SZAFA	TRANSLINE 1228
84	6	1	XP21	EMS 38322	8360.0037	SOCKEL	FICA	EMBASE MALE 17 CONTACTS STANDARD MARQUE: JAEGER	MP2_SZAFA	TRANSLINE 1228
85	6	7	I4-IA	1001-11L37	8346.0172	KARTE	GERAL	INTERFACE COMPTAGE POUR MP2	MP2_SZAFA	TRANSLINE 1228
86									MP2_SZAFA	TRANSLINE 1228
87	6	1	XS14	EFS 536625	8360.0034	SOCKEL	RADIALE	EMBASE FEMELLE 25 CONTACT STANDARD MARQUE: JAEGER	MP2_SZAFA	TRANSLINE 1228
88	6	1	XP13	EMS 43001	8360.0039	SOCKEL	RADIALE	EMBASE MALE 35 CONTACTS STANDARD MARQUE JAEGER	MP2_SZAFA	TRANSLINE 1228
89									MP2_SZAFA	TRANSLINE 1228
90	6	1	TC1	IMO-1000-220	8395.0096	TRANSFORMATOR	CECLA	TRANSFO MONO P:220-380V * S:220-50HZ 1000VA	MP2_SZAFA	TRANSLINE 1228
91	6	1	TC2		8395.0010	TRANSFORMATOR		TRANSFO. MONO. 100VA 50HZ P:230V/400V S:110/220V SELON NFC52-201	MP2_SZAFA	TRANSLINE 1228
92	6	1	T1		8346.0141	REGULATOR	M.C.B.	REGULATEUR TENSION 500VA MODELE”I”ENTREE:220-50HZ SORTIE:220V-50HZ	MP2_SZAFA	TRANSLINE 1228
93	7	1	QM1-N.L.40		8361.0008	SCHALTER		INTERRUPTEUR HPC 63A UL+ RALLONGE+CAPOT+SUPPORTS+POIGNEE	MP2_SZAFA	TRANSLINE 1228
94	7	1	QM1-N.L.41		8385.2038	SCHALTER	K.M	INTERRUPTEUR N6-63 CNA NORMES „UL”	MP2_SZAFA	TRANSLINE 1228
95	7	1	QM1-N.L.42		8385.2072	HANDGRIFF	KM	POIGNEE GRISE:H6-NA SONDM COMPLETE/DISJONCTEUR N6	MP2_SZAFA	TRANSLINE 1228
96	7	1	QM1-N.L.43	HNZM6	8385.0089	HAUBE	K.M	CAPOT DE BORNES POUR SEC/DISJ NZM6	MP2_SZAFA	TRANSLINE 1228
97	7	4	QM1-N.L.44	PKZM3/NZM6	8385.0108	TREAGER	DIVERS	SUPPORT BT 2535 POUR DISJ SUIVANT FT:ME-03	MP2_SZAFA	TRANSLINE 1228
98	7	1	QF5	GV2M-02	8385.0102	SICHERHEISSCHALTER	KM	DISJ. DE 0,16 A 0,24 AMP	MP2_SZAFA	TRANSLINE 1228
99	8	1	XS3-N.L.10	FFS 38382	8360.0042	STECKER	FICA	FICHE FEMELLE 17 CONTACTS STANDARD MARQUE:JAEGER	MP2_SZAFA	TRANSLINE 1228
100	8	1	XS3-N.L.20	532940	8360.0051	KABELKLEMME	RADIALE	SERRE-CABLE 12 A 17,5 MM BOITIER N3-4 MARQUE:JAEGER	MP2_SZAFA	TRANSLINE 1228
101	8	1	KB3		6506.0007	KABEL	SOCABEL	CABLE MCX-T 19X0,5MM2 BLINDE SIMPLE DIAM. EXT.= 12,6MM	MP2_SZAFA	TRANSLINE 1228
102	8	1	XP4-N.L.40	532612	8360.0095	STECKER	RADIALE	FICHE MALE 12 CONTACTS JAEGER	MP2_SZAFA	TRANSLINE 1228
103	8	1	XP4-N.L.50	630138.006	8360.0076	KABELKLEMME	RADIALE	SERRE CABLE 8 A 13 MM BOITIER N2 TYP3 MARQU:JAEGER	MP2_SZAFA	TRANSLINE 1228
104	8	1	KB4	3151250	6506.0006	KABEL	JPM	BLINDE 12X0.5 LIYCY 500V +TRESSE CUIVRE DIAM. EXT.9.8MM	MP2_SZAFA	TRANSLINE 1228
105									MP2_SZAFA	TRANSLINE 1228
106	8	1	XS5-N.L.10	FFS 42990	8360.0044	STECKER	FICA	FICHE FEMELLE 35 CONTACTS STANDARD MARQUE:JAEGER	MP2_SZAFA	TRANSLINE 1228
107	8	1	XS5-N.L.20	532940	8360.0051	KABELKLEMME	RADIALE	SERRE-CABLE 12 A 17,5 MM BOITIER N3-4 MARQUE:JAEGER	MP2_SZAFA	TRANSLINE 1228
108	8	1	KB5	3153750	6506.0010	KABEL	JPM	BLINDE 37X0.5 LIYCY 500V +TRESSE CUIVRE DIAM. EXT. 15MM	MP2_SZAFA	TRANSLINE 1228
109	8	1	XP01-N.L.40	532612	8360.0095	STECKER	RADIALE	FICHE MALE 12 CONTACTS JAEGER	MP2_SZAFA	TRANSLINE 1228
110	8	1	XP01-N.L.50	630138.006	8360.0076	KABELKLEMME	RADIALE	SERRE CABLE 8 A 13 MM BOITIER N2 TYP3 MARQU:JAEGER	MP2_SZAFA	TRANSLINE 1228
111	8	1	KAB29	3151250	6506.0006	KABEL	JPM	BLINDE 12X0.5 LIYCY 500V +TRESSE CUIVRE DIAM. EXT.9.8MM	MP2_SZAFA	TRANSLINE 1228
112	8	1	XP6-N.L.80	FMS 532625	8360.0048	STECKER	RADIALE	FICHE MALE 25 CONTACTS STANDARD MARQUE:JAEGER	MP2_SZAFA	TRANSLINE 1228
113	9	1	XP6-N.L.90	532940	8360.0051	KABELKLEMME	RADIALE	SERRE-CABLE 12 A 17,5 MM BOITIER N3-4 MARQUE:JAEGER	MP2_SZAFA	TRANSLINE 1228
114	9	1	KB6		6506.0009	KABEL	SOCABEL	CABLE MCX-T 30X0,6MM2 BLINDE SIMPLE	MP2_SZAFA	TRANSLINE 1228
115									MP2_SZAFA	TRANSLINE 1228
116	9	1	XS7-N.L.10	FFS 42990	8360.0044	STECKER	FICA	FICHE FEMELLE 35 CONTACTS STANDARD MARQUE:JAEGER	MP2_SZAFA	TRANSLINE 1228
117	9	1	XS7-N.L.20	532940	8360.0051	KABELKLEMME	RADIALE	SERRE-CABLE 12 A 17,5 MM BOITIER N3-4 MARQUE:JAEGER	MP2_SZAFA	TRANSLINE 1228
118	9	1	KB7		6506.0008	KABEL	SOCABEL	CABLE MCX-T 24X0,5MM2 BLINDE SIMPLE DIAM. EXT.=14,8MM	MP2_SZAFA	TRANSLINE 1228
119	9	1	XP8-N.L.40	FMS 532625	8360.0048	STECKER	RADIALE	FICHE MALE 25 CONTACTS STANDARD MARQUE:JAEGER	MP2_SZAFA	TRANSLINE 1228
120	9	1	XP8-N.L.50	532940	8360.0051	KABELKLEMME	RADIALE	SERRE-CABLE 12 A 17,5 MM BOITIER N3-4 MARQUE:JAEGER	MP2_SZAFA	TRANSLINE 1228
121	9	1	KB8		6506.0007	KABEL	SOCABEL	CABLE MCX-T 19X0,5MM2 BLINDE SIMPLE DIAM. EXT.= 12,6MM	MP2_SZAFA	TRANSLINE 1228
122	10	1	XS13-N.L.10	FFS 42990	8360.0044	STECKER	FICA	FICHE FEMELLE 35 CONTACTS STANDARD MARQUE:JAEGER	MP2_SZAFA	TRANSLINE 1228
123	10	1	XS13-N.L.20	532940	8360.0051	KABELKLEMME	RADIALE	SERRE-CABLE 12 A 17,5 MM BOITIER N3-4 MARQUE:JAEGER	MP2_SZAFA	TRANSLINE 1228
124	10	1	KB13	3153750	6506.0010	KABEL	JPM	BLINDE 37X0.5 LIYCY 500V +TRESSE CUIVRE DIAM. EXT. 15MM	MP2_SZAFA	TRANSLINE 1228
125	10	1	XP14-N.L.40	FMS 532625	8360.0048	STECKER	RADIALE	FICHE MALE 25 CONTACTS STANDARD MARQUE:JAEGER	MP2_SZAFA	TRANSLINE 1228
126	10	1	XP14-N.L.50	532940	8360.0051	KABELKLEMME	RADIALE	SERRE-CABLE 12 A 17,5 MM BOITIER N3-4 MARQUE:JAEGER	MP2_SZAFA	TRANSLINE 1228
127	10	1	KB14		6506.0007	KABEL	SOCABEL	CABLE MCX-T 19X0,5MM2 BLINDE SIMPLE DIAM. EXT.= 12,6MM	MP2_SZAFA	TRANSLINE 1228
128									MP2_SZAFA	TRANSLINE 1228
129	10	1	XS15-N.L.10	FFS 42990	8360.0044	STECKER	FICA	FICHE FEMELLE 35 CONTACTS STANDARD MARQUE:JAEGER	MP2_SZAFA	TRANSLINE 1228
130	10	1	XS15-N.L.20	532940	8360.0051	KABELKLEMME	RADIALE	SERRE-CABLE 12 A 17,5 MM BOITIER N3-4 MARQUE:JAEGER	MP2_SZAFA	TRANSLINE 1228
131	10	1	KB15	3153750	6506.0010	KABEL	JPM	BLINDE 37X0.5 LIYCY 500V +TRESSE CUIVRE DIAM. EXT. 15MM	MP2_SZAFA	TRANSLINE 1228
132	10	1	XP16-N.L.40	FMS 532625	8360.0048	STECKER	RADIALE	FICHE MALE 25 CONTACTS STANDARD MARQUE:JAEGER	MP2_SZAFA	TRANSLINE 1228
133	10	1	XP16-N.L.50	532940	8360.0051	KABELKLEMME	RADIALE	SERRE-CABLE 12 A 17,5 MM BOITIER N3-4 MARQUE:JAEGER	MP2_SZAFA	TRANSLINE 1228
134	10	1	KB16		6506.0007	KABEL	SOCABEL	CABLE MCX-T 19X0,5MM2 BLINDE SIMPLE DIAM. EXT.= 12,6MM	MP2_SZAFA	TRANSLINE 1228
135	11	1	XS17-N.L.10	FFS 42990	8360.0044	STECKER	FICA	FICHE FEMELLE 35 CONTACTS STANDARD MARQUE:JAEGER	MP2_SZAFA	TRANSLINE 1228
136	11	1	XS17-N.L.20	532940	8360.0051	KABELKLEMME	RADIALE	SERRE-CABLE 12 A 17,5 MM BOITIER N3-4 MARQUE:JAEGER	MP2_SZAFA	TRANSLINE 1228
137	11	1	KB17		6506.0009	KABEL	SOCABEL	CABLE MCX-T 30X0,6MM2 BLINDE SIMPLE	MP2_SZAFA	TRANSLINE 1228
138	11	1	XP18-N.L.40	FMS 532625	8360.0048	STECKER	RADIALE	FICHE MALE 25 CONTACTS STANDARD MARQUE:JAEGER	MP2_SZAFA	TRANSLINE 1228
139	11	1	XP18-N.L.50	532940	8360.0051	KABELKLEMME	RADIALE	SERRE-CABLE 12 A 17,5 MM BOITIER N3-4 MARQUE:JAEGER	MP2_SZAFA	TRANSLINE 1228
140	11	1	KB18		6506.0007	KABEL	SOCABEL	CABLE MCX-T 19X0,5MM2 BLINDE SIMPLE DIAM. EXT.= 12,6MM	MP2_SZAFA	TRANSLINE 1228
141									MP2_SZAFA	TRANSLINE 1228
142	11	1	XP03-N.L.10	FMS 532606	8360.0046	STECKER	RADIALE	FICHE MALE 6 CONTACTS STANDARD MARQUE:JAEGER	MP2_SZAFA	TRANSLINE 1228
143	11	1	XP03-N.L.20	630135.006	8360.0050	KABELKLEMME	RADIALE	SERRE-CABLE 5 A 9 MM BOITIER N1 MARQUE:JAEGER	MP2_SZAFA	TRANSLINE 1228
144	11	1	KB30	3150750	6506.0005	KABEL	JPM	BLINDE 7X0,5 LIYCY 500V +TRESSE CUIVRE DIAM. EXT.7.4MM	MP2_SZAFA	TRANSLINE 1228
145	11	1	XS00-N.L.40	FFR530755	8360.0075	STECKER	RADIALE	FICHE FEMELLE 4 CONTACTS SERIE RAPIDE MARQUE:JAEGER	MP2_SZAFA	TRANSLINE 1228
146	11	1	XS00-N.L.50	630135.006	8360.0050	KABELKLEMME	RADIALE	SERRE-CABLE 5 A 9 MM BOITIER N1 MARQUE:JAEGER	MP2_SZAFA	TRANSLINE 1228
147	11	1	KP42		6504.0012	KABEL	DIVERS	CABLE H07 RN-F 3X1,5MM2	MP2_SZAFA	TRANSLINE 1228
148	11	1	XS02-N.L.70	FFS 42954	8360.0041	STECKER	FICA	FICHE FEMELLE 6 CONTACTS RAPIDE MARQUE:JAEGER	MP2_SZAFA	TRANSLINE 1228
149	12	1	XS02-N.L.80	630135.006	8360.0050	KABELKLEMME	RADIALE	SERRE-CABLE 5 A 9 MM BOITIER N1 MARQUE:JAEGER	MP2_SZAFA	TRANSLINE 1228
150	12	1	KC30		6504.0014	KABEL	DIVERS	CABLE H07 RN-F 5X1,5 MM2	MP2_SZAFA	TRANSLINE 1228
